--
-- PostgreSQL database dump
--

-- Dumped from database version 13.16 (Debian 13.16-1.pgdg120+1)
-- Dumped by pg_dump version 13.16 (Debian 13.16-1.pgdg120+1)

SET statement_timeout = 0;
SET lock_timeout = 0;
SET idle_in_transaction_session_timeout = 0;
SET client_encoding = 'UTF8';
SET standard_conforming_strings = on;
SELECT pg_catalog.set_config('search_path', '', false);
SET check_function_bodies = false;
SET xmloption = content;
SET client_min_messages = warning;
SET row_security = off;

--
-- Name: set_gmt7_timestamps(); Type: FUNCTION; Schema: public; Owner: phuongpd
--

CREATE FUNCTION public.set_gmt7_timestamps() RETURNS trigger
    LANGUAGE plpgsql
    AS $$
BEGIN
    NEW.created_at = NEW.created_at AT TIME ZONE 'UTC' AT TIME ZONE 'Asia/Ho_Chi_Minh';
    NEW.updated_at = NEW.updated_at AT TIME ZONE 'UTC' AT TIME ZONE 'Asia/Ho_Chi_Minh';
    RETURN NEW;
END;
$$;


ALTER FUNCTION public.set_gmt7_timestamps() OWNER TO phuongpd;

--
-- Name: update_transcripts(); Type: FUNCTION; Schema: public; Owner: phuongpd
--

CREATE FUNCTION public.update_transcripts() RETURNS trigger
    LANGUAGE plpgsql
    AS $$
BEGIN
    -- Cập nhật hoặc chèn bản ghi vào bảng transcripts
    INSERT INTO transcripts (conversation_id, user_id, session_id, total_token, transcripts)
    VALUES (
        NEW.conversation_id,
        NEW.user_id,
        NEW.session_id,
        NEW.total_token,
        jsonb_build_array(
            jsonb_build_object('messageId', NEW.message_id, 'text', NEW.inputs, 'role', 'user', 'timestamp', NEW.timestamp),
            jsonb_build_object('messageId', NEW.message_id, 'text', NEW.outputs, 'role', 'bot', 'timestamp', NEW.timestamp)
        )
    )
    ON CONFLICT (conversation_id)
    DO UPDATE SET 
        total_token = transcripts.total_token + EXCLUDED.total_token,
        transcripts = transcripts.transcripts ||
                      jsonb_build_object('messageId', NEW.message_id, 'text', NEW.inputs, 'role', 'user', 'timestamp', NEW.timestamp) ||
                      jsonb_build_object('messageId', NEW.message_id, 'text', NEW.outputs, 'role', 'bot', 'timestamp', NEW.timestamp),
        updated_at = CURRENT_TIMESTAMP;
    RETURN NEW;
END;
$$;


ALTER FUNCTION public.update_transcripts() OWNER TO phuongpd;

SET default_tablespace = '';

SET default_table_access_method = heap;

--
-- Name: conversation_logs; Type: TABLE; Schema: public; Owner: phuongpd
--

CREATE TABLE public.conversation_logs (
    message_id character varying(36) NOT NULL,
    session_id character varying(36),
    user_id character varying(36),
    inputs text NOT NULL,
    token_input integer NOT NULL,
    outputs text NOT NULL,
    token_output integer NOT NULL,
    total_token integer NOT NULL,
    "timestamp" timestamp without time zone DEFAULT CURRENT_TIMESTAMP,
    created_at timestamp without time zone DEFAULT CURRENT_TIMESTAMP,
    updated_at timestamp without time zone DEFAULT CURRENT_TIMESTAMP,
    conversation_id character varying(36) NOT NULL,
    domain character varying(36),
    file_id character varying[]
);


ALTER TABLE public.conversation_logs OWNER TO phuongpd;

--
-- Name: conversations; Type: TABLE; Schema: public; Owner: phuongpd
--

CREATE TABLE public.conversations (
    conversation_id character varying(36) NOT NULL,
    session_id character varying(50),
    user_id character varying(36),
    created_at timestamp without time zone DEFAULT CURRENT_TIMESTAMP,
    updated_at timestamp without time zone DEFAULT CURRENT_TIMESTAMP
);


ALTER TABLE public.conversations OWNER TO phuongpd;

--
-- Name: error_logs; Type: TABLE; Schema: public; Owner: phuongpd
--

CREATE TABLE public.error_logs (
    error_id integer NOT NULL,
    "timestamp" timestamp without time zone DEFAULT CURRENT_TIMESTAMP,
    user_id character varying(36) NOT NULL,
    session_id character varying(36) NOT NULL,
    conversation_id character varying(36) NOT NULL,
    input_message text NOT NULL,
    error_message text NOT NULL,
    error_code character varying(36) NOT NULL,
    created_at timestamp without time zone,
    updated_at timestamp without time zone
);


ALTER TABLE public.error_logs OWNER TO phuongpd;

--
-- Name: error_logs_error_id_seq; Type: SEQUENCE; Schema: public; Owner: phuongpd
--

CREATE SEQUENCE public.error_logs_error_id_seq
    AS integer
    START WITH 1
    INCREMENT BY 1
    NO MINVALUE
    NO MAXVALUE
    CACHE 1;


ALTER TABLE public.error_logs_error_id_seq OWNER TO phuongpd;

--
-- Name: error_logs_error_id_seq; Type: SEQUENCE OWNED BY; Schema: public; Owner: phuongpd
--

ALTER SEQUENCE public.error_logs_error_id_seq OWNED BY public.error_logs.error_id;


--
-- Name: feedback; Type: TABLE; Schema: public; Owner: phuongpd
--

CREATE TABLE public.feedback (
    feedback_id integer NOT NULL,
    user_id character varying(255) NOT NULL,
    session_id character varying(255) NOT NULL,
    message_id character varying(255) NOT NULL,
    feedback_type character varying(50) NOT NULL,
    feedback_text text,
    created_at timestamp without time zone DEFAULT CURRENT_TIMESTAMP,
    updated_at timestamp without time zone DEFAULT CURRENT_TIMESTAMP
);


ALTER TABLE public.feedback OWNER TO phuongpd;

--
-- Name: feedback_feedback_id_seq; Type: SEQUENCE; Schema: public; Owner: phuongpd
--

CREATE SEQUENCE public.feedback_feedback_id_seq
    AS integer
    START WITH 1
    INCREMENT BY 1
    NO MINVALUE
    NO MAXVALUE
    CACHE 1;


ALTER TABLE public.feedback_feedback_id_seq OWNER TO phuongpd;

--
-- Name: feedback_feedback_id_seq; Type: SEQUENCE OWNED BY; Schema: public; Owner: phuongpd
--

ALTER SEQUENCE public.feedback_feedback_id_seq OWNED BY public.feedback.feedback_id;


--
-- Name: sessions; Type: TABLE; Schema: public; Owner: phuongpd
--

CREATE TABLE public.sessions (
    session_id character varying(36) NOT NULL,
    user_id character varying(36),
    start_time timestamp without time zone NOT NULL,
    end_time timestamp without time zone,
    created_at timestamp without time zone DEFAULT CURRENT_TIMESTAMP,
    updated_at timestamp without time zone DEFAULT CURRENT_TIMESTAMP
);


ALTER TABLE public.sessions OWNER TO phuongpd;

--
-- Name: transcripts; Type: TABLE; Schema: public; Owner: phuongpd
--

CREATE TABLE public.transcripts (
    conversation_id character varying(36) NOT NULL,
    user_id character varying(50),
    session_id character varying(50),
    total_token integer,
    transcripts jsonb DEFAULT '[]'::jsonb,
    created_at timestamp without time zone DEFAULT CURRENT_TIMESTAMP,
    updated_at timestamp without time zone DEFAULT CURRENT_TIMESTAMP
);


ALTER TABLE public.transcripts OWNER TO phuongpd;

--
-- Name: upload_files; Type: TABLE; Schema: public; Owner: phuongpd
--

CREATE TABLE public.upload_files (
    file_id character varying(36) NOT NULL,
    user_id character varying(36),
    session_id character varying(36),
    conversation_id character varying(36),
    file_name character varying(255),
    file_path text,
    file_size integer,
    mime_type character varying(36),
    created_at timestamp with time zone DEFAULT CURRENT_TIMESTAMP,
    created_by character varying(36),
    updated_at timestamp with time zone DEFAULT CURRENT_TIMESTAMP,
    updated_by character varying(36)
);


ALTER TABLE public.upload_files OWNER TO phuongpd;

--
-- Name: users; Type: TABLE; Schema: public; Owner: phuongpd
--

CREATE TABLE public.users (
    user_id character varying(36) NOT NULL,
    name character varying(100) NOT NULL,
    created_at timestamp without time zone DEFAULT CURRENT_TIMESTAMP,
    updated_at timestamp without time zone DEFAULT CURRENT_TIMESTAMP
);


ALTER TABLE public.users OWNER TO phuongpd;

--
-- Name: error_logs error_id; Type: DEFAULT; Schema: public; Owner: phuongpd
--

ALTER TABLE ONLY public.error_logs ALTER COLUMN error_id SET DEFAULT nextval('public.error_logs_error_id_seq'::regclass);


--
-- Name: feedback feedback_id; Type: DEFAULT; Schema: public; Owner: phuongpd
--

ALTER TABLE ONLY public.feedback ALTER COLUMN feedback_id SET DEFAULT nextval('public.feedback_feedback_id_seq'::regclass);


--
-- Data for Name: conversation_logs; Type: TABLE DATA; Schema: public; Owner: phuongpd
--

COPY public.conversation_logs (message_id, session_id, user_id, inputs, token_input, outputs, token_output, total_token, "timestamp", created_at, updated_at, conversation_id, domain, file_id) FROM stdin;
4abfe0dc-0268-44f5-928f-cc3b209eeb0f	5d93924c-a6fe-435e-8f6e-25608f92dbb7	phuongpd		0	Xin chào! Bạn cần giúp đỡ gì hôm nay?	10	10	2024-09-25 18:28:49	2024-09-25 18:28:49.656807	2024-09-25 18:28:49.656807	b87e5a5a-4473-44dd-904e-76b062252735	\N	\N
d40c5889-a94a-428a-bc73-6937c0712f37	02192933-6bcd-4ec6-8148-2ab96729451a	phuongpd		0	Xin chào! Bạn cần giúp đỡ gì hôm nay?	10	10	2024-09-25 23:14:46	2024-09-25 23:14:46.485968	2024-09-25 23:14:46.485968	3fbea6b9-f274-4a9b-a1e0-b424fe3c5883	\N	\N
c76c3de3-24f9-4745-8a48-886e537f2841	cab3e3b3-c6b6-4a27-8954-d7593890abeb	phuongpd		0	Xin chào! Bạn cần tôi hỗ trợ gì hôm nay?	11	11	2024-09-25 23:16:20	2024-09-25 23:16:20.299725	2024-09-25 23:16:20.299725	f1a7862d-1e55-4660-9dce-cc74a322ce50	\N	\N
d821ef9e-140a-4532-a9c3-fa094e7895e7	402603ac-87a0-4f05-bd72-b73d5a1f9e22	phuongpd		0	Xin chào! Bạn có cần hỗ trợ gì trong việc nghiên cứu hay viết bài nghiên cứu không?	21	21	2024-09-25 23:16:58	2024-09-25 23:16:58.407164	2024-09-25 23:16:58.407164	7b347de6-1f29-4edb-bed2-bca5c962a179	\N	\N
981ca5b6-72ec-4b66-9f37-2098a1070501	d4417fac-bd7d-4704-b1d9-bac49eeebd3d	phuongpd		0	Xin chào! Bạn cần giúp đỡ gì hôm nay?	10	10	2024-09-26 10:59:00	2024-09-26 10:59:00.715037	2024-09-26 10:59:00.715037	4e8009e9-570e-47a0-bf79-f4c201ee1605	\N	\N
7aed10f9-68f7-47cf-a761-9a5de5abdd80	d4417fac-bd7d-4704-b1d9-bac49eeebd3d	phuongpd	Xin chào	3	Xin chào! Bạn có cần hỗ trợ về nghiên cứu khoa học hay viết bài không?	18	21	2024-09-26 10:59:05	2024-09-26 10:59:04.204632	2024-09-26 10:59:04.204632	4e8009e9-570e-47a0-bf79-f4c201ee1605	\N	\N
51ebd371-0a31-4206-9d24-35d1dcfde444	d4417fac-bd7d-4704-b1d9-bac49eeebd3d	phuongpd	Tôi có tài liệu sau cần bạn giúp tôi	10	Bạn có thể vui lòng tải tài liệu lên không? Tôi sẽ giúp bạn xử lý nó.	18	28	2024-09-26 10:59:49	2024-09-26 10:59:48.256006	2024-09-26 10:59:48.256006	4e8009e9-570e-47a0-bf79-f4c201ee1605	\N	\N
aac2157a-342b-432d-b111-de76bc113d78	d4417fac-bd7d-4704-b1d9-bac49eeebd3d	phuongpd	Tôi đã upload rồi	5	Vui lòng cho tôi biết tên tệp, loại tệp và chunk ID để tôi có thể xử lý tài liệu của bạn. 	23	28	2024-09-26 11:01:10	2024-09-26 11:01:08.511887	2024-09-26 11:01:08.511887	4e8009e9-570e-47a0-bf79-f4c201ee1605	\N	\N
c979232a-94b5-4e61-b12b-c980b19bb862	4d457d6e-d3ad-49e7-ad3f-15b773888cb3	phuongpd		0	Xin chào! Làm thế nào tôi có thể hỗ trợ bạn hôm nay? Bạn có từ khóa nào để làm nghiên cứu không?	25	25	2024-09-26 11:46:17	2024-09-26 11:46:17.280605	2024-09-26 11:46:17.280605	1e16c78a-0324-462a-b627-b0091d1a4a0a	\N	\N
456297e5-897c-4656-9665-e3a6618f9f9f	5993a384-029f-4123-bac0-76ec921eddee	phuongpd		0	Xin chào! Tôi có thể giúp gì cho bạn hôm nay? Nếu bạn có từ khóa hoặc chủ đề nào cần viết bài nghiên cứu, xin hãy cho tôi biết!	32	32	2024-09-26 13:59:47	2024-09-26 13:59:47.177087	2024-09-26 13:59:47.177087	751179ba-bb83-41ec-a986-7569225282df	\N	\N
5622ab05-4edb-42ab-a97d-83454d07ff25	5993a384-029f-4123-bac0-76ec921eddee	phuongpd	Bạn có thể phân tích file này giúp tôi không?	12	Xin vui lòng tải lên file mà bạn muốn tôi phân tích, và tôi sẽ hỗ trợ bạn!	19	31	2024-09-26 14:10:13	2024-09-26 14:10:12.304362	2024-09-26 14:10:12.304362	751179ba-bb83-41ec-a986-7569225282df	\N	\N
0d6079c2-3bad-47fe-ab0c-97acda6be9de	5993a384-029f-4123-bac0-76ec921eddee	phuongpd	Tôi đã upload file rồi	6	Tôi cần thông tin về file bạn đã tải lên. Vui lòng cho tôi biết nếu bạn muốn tôi kiểm tra các giá trị sau: "file_name", "file_type" và "chunk_id". \n\nBạn có thể giúp tôi xác nhận điều này không?	49	55	2024-09-26 14:10:35	2024-09-26 14:10:33.556612	2024-09-26 14:10:33.556612	751179ba-bb83-41ec-a986-7569225282df	\N	\N
1f57cec8-90fb-4d8c-9875-c748599a833e	5993a384-029f-4123-bac0-76ec921eddee	phuongpd	Xin chào	3	Xin chào! Nếu bạn đã tải lên file, tôi cần một chút thời gian để xác nhận thông tin về file đó. Bạn có thể vui lòng cho tôi biết nếu bạn đã có thông tin "file_name", "file_type" và "chunk_id" không? Nếu không, tôi sẽ không thể tiếp tục phân tích file. Cảm ơn bạn!	66	69	2024-09-26 14:15:36	2024-09-26 14:15:32.150428	2024-09-26 14:15:32.150428	751179ba-bb83-41ec-a986-7569225282df	\N	\N
16db2f81-855d-481d-8352-4f95b45c9138	5993a384-029f-4123-bac0-76ec921eddee	phuongpd	Tôi đã upload rồi	5	Cảm ơn bạn đã xác nhận. Tôi sẽ kiểm tra thông tin về file mà bạn đã tải lên. \n\nVui lòng một chút. \n\n... \n\nTôi đã phát hiện file: True. \n\nBây giờ, bạn muốn tôi làm gì với file này? Bạn có muốn viết một bài nghiên cứu dựa trên nội dung trong file hay có yêu cầu cụ thể nào khác không?	71	76	2024-09-26 14:16:19	2024-09-26 14:16:17.507081	2024-09-26 14:16:17.507081	751179ba-bb83-41ec-a986-7569225282df	\N	\N
198e7df7-f1b1-41fb-aa10-103e19f400b6	5993a384-029f-4123-bac0-76ec921eddee	phuongpd	chunk_id đây: 34eecb985538744e0f92d74c965b20f1e17a7ebbc12c71d49af040880807bcf4	20	Cảm ơn bạn đã cung cấp giá trị "chunk_id". Tôi đã xác nhận file đã được tải lên và sẵn sàng để phân tích nội dung.\n\nBây giờ, bạn muốn tôi làm gì với nội dung của file này? Bạn có muốn tôi tạo một outline cho một bài nghiên cứu dựa trên nội dung hay có yêu cầu cụ thể nào khác không?	71	91	2024-09-26 14:17:14	2024-09-26 14:17:11.686273	2024-09-26 14:17:11.686273	751179ba-bb83-41ec-a986-7569225282df	\N	\N
db9182a8-8d00-4542-bcdc-647ad08b7b87	5993a384-029f-4123-bac0-76ec921eddee	phuongpd	cho tôi xác nhận lại xem đúng nội dung không	12	Dưới đây là nội dung từ file bạn đã tải lên:\n\n---\n\n**Nội dung:**\n      Xin chào cả nhà, tên tôi là Mạnh Leo. Tôi đến từ một hành tinh xa rất xa xa xa xa xa xa vời.\n\n---\n\nNgoài ra, thông tin bổ sung về file:\n\n- **Tiêu đề:** manh.docx\n- **Tác giả:** Unknown\n- **Nguồn:** Tập tin văn bản đã được tải lên bởi người dùng.\n- **Ngày xuất bản:** 9/23/2024\n- **Số từ:** 24\n\nBạn có muốn tiếp tục tiến hành một bài nghiên cứu nào dựa trên nội dung này, hay có yêu cầu cụ thể nào khác không?	120	132	2024-09-26 14:17:34	2024-09-26 14:17:28.765118	2024-09-26 14:17:28.765118	751179ba-bb83-41ec-a986-7569225282df	\N	\N
fdb9485d-cee5-48be-a9e0-75d821b61f67	5993a384-029f-4123-bac0-76ec921eddee	phuongpd	sai rồi	2	Rất tiếc vì sự nhầm lẫn này. Bạn có thể cho tôi biết nội dung chính xác mà bạn mong muốn phân tích hoặc làm việc trên? Nếu có cách nào để bạn có thể cung cấp thêm thông tin về nội dung của file, điều đó sẽ giúp tôi hỗ trợ bạn tốt hơn. Cảm ơn bạn!	62	64	2024-09-26 14:17:51	2024-09-26 14:17:50.093897	2024-09-26 14:17:50.093897	751179ba-bb83-41ec-a986-7569225282df	\N	\N
0df0d1a7-963a-4c96-bbc4-a0a7b0b9896e	5993a384-029f-4123-bac0-76ec921eddee	phuongpd	là file csv	3	Cảm ơn bạn đã xác nhận rằng file là định dạng CSV. \n\nBây giờ tôi sẽ kiểm tra thông tin cụ thể từ file CSV mà bạn đã tải lên. Vui lòng cho tôi một chút thời gian. \n\n... \n\nTôi đã phát hiện file: True. \n\nNếu bạn có bất kỳ yêu cầu cụ thể nào, chẳng hạn như phân tích dữ liệu từ file CSV này hay tạo ra một bài nghiên cứu dựa trên nội dung của nó, xin hãy cho tôi biết!	92	95	2024-09-26 14:17:56	2024-09-26 14:17:53.697601	2024-09-26 14:17:53.697601	751179ba-bb83-41ec-a986-7569225282df	\N	\N
bdee28dd-8254-4987-9edc-23f9897ccc1e	b7385167-975f-4985-a683-ba556864756b	vyvt		0	Xin chào! Bạn cần hỗ trợ gì hôm nay?	10	10	2024-09-28 23:39:26	2024-09-28 23:39:26.665062	2024-09-28 23:39:26.665062	1d75f87a-534b-43b0-ac0e-a2ec3ce8c6ef	\N	\N
036b88e7-74c2-4879-9921-2fd6a9174c4c	5993a384-029f-4123-bac0-76ec921eddee	phuongpd	thử lại này	3	Dưới đây là nội dung từ file CSV mà bạn đã tải lên:\n\n| ID                                   | Số điện thoại   | Tên người dùng | Thời gian tạo                | Thời gian cập nhật            | Ứng dụng                            |\n|--------------------------------------|------------------|----------------|-------------------------------|-------------------------------|-------------------------------------|\n| a0e07624-7fb1-463d-86ff-fa6ea16d27be | 12345678955      | phuongpd       | 2024-07-08 11:55:28.774605   | 2024-07-08 11:55:28.774605   | app-CNFjTcU191SEKvpdyvVwgKeO       |\n| 615944e0-b6ca-4be6-9bb7-93475eefd8d2 | 12345678956      | vyvt           | 2024-07-08 12:35:30.832776   | 2024-07-08 12:35:30.832776   | app-hmlXEGA8Ht4GG829rQOvwJqT       |\n| de8f9592-9fa7-48c0-95e6-7fd8c18774c1 | 12324            | ducbq          | 2024-07-08 13:51:41.706905   | 2024-07-08 13:51:41905   | app-CNFjTcU191SEKvpdyvVwgKeO       |\n| f228d93e-a9b5-42cb-b7b1-1ee272c3daa3 | bnasjkdanshbkdas | ducna          | 2024-07-08 14:06:57.483517   | 2024-07-08 14:06:57.483517   | app-hmlXEGA8Ht4GG829rQOvwJqT       |\n| 768918f1-9be5-4a82-8c8a-08fc794c3f3d | adasdsadasd      | hanhdh         | 2024-07-08 14:11:49.575614   | 2024-07-08 14:11:49.575614   | app-hmlXEGA8Ht4GG829rQOvwJqT       |\n| ... (và nhiều dòng khác)            |                  |                |                               |                               |                                     |\n\n**Thông tin**:\n- Có tổng cộng nhiều dòng dữ liệu như vậy với các ID khác nhau và thông tin người dùng.\n\nNếu bạn cần phân tích hoặc thực hiện một tác vụ cụ thể nào đó liên quan đến nội dung này, xin hãy cho tôi biết!	420	423	2024-09-26 14:41:05	2024-09-26 14:40:51.464451	2024-09-26 14:40:51.464451	751179ba-bb83-41ec-a986-7569225282df	\N	\N
5812b887-90c4-40c7-8323-8a2774078945	5993a384-029f-4123-bac0-76ec921eddee	phuongpd	chuẩn rồi	3	Tốt, tôi rất vui vì nội dung đã chính xác! Bạn cần tôi làm gì tiếp theo với dữ liệu trong file CSV này? Bạn có muốn tạo một bài nghiên cứu, phân tích dữ liệu, hoặc có yêu cầu cụ thể nào khác không?	50	53	2024-09-26 14:41:21	2024-09-26 14:41:18.660114	2024-09-26 14:41:18.660114	751179ba-bb83-41ec-a986-7569225282df	\N	\N
95ca7292-42d5-4f52-8205-678f5e1167a3	ec5b939e-0be2-4033-97b8-f3d3500a246b	phuongpd		0	Xin chào! Tôi có thể giúp gì cho bạn hôm nay?	12	12	2024-09-26 16:32:32	2024-09-26 16:32:32.125882	2024-09-26 16:32:32.125882	91da27ba-468c-4e47-9ccd-38b1d888b55e	\N	\N
f21227bf-f048-4eba-9c6b-3a76c9103363	ec5b939e-0be2-4033-97b8-f3d3500a246b	phuongpd	Xin chào, bạn thấy tài liệu tôi vừa up không?	12	Hiện tại, tôi chưa thấy tài liệu nào được tải lên. Bạn vui lòng thử tải lại tài liệu hoặc thông báo cho tôi nếu bạn cần hỗ trợ khác!	34	46	2024-09-26 16:33:34	2024-09-26 16:33:33.184158	2024-09-26 16:33:33.184158	91da27ba-468c-4e47-9ccd-38b1d888b55e	\N	\N
82292bb8-f9fb-44cb-a188-5be34bfef86e	ec5b939e-0be2-4033-97b8-f3d3500a246b	phuongpd	Xin chào	3	Xin chào! Bạn có điều gì muốn hỏi hoặc cần tôi giúp đỡ không?	16	19	2024-09-26 16:43:16	2024-09-26 16:43:14.897937	2024-09-26 16:43:14.897937	91da27ba-468c-4e47-9ccd-38b1d888b55e	\N	\N
6f317634-cceb-4474-8205-8307367c95dd	ec5b939e-0be2-4033-97b8-f3d3500a246b	phuongpd	Xin chào	3	Xin chào! Bạn có cần giúp đỡ gì không? Nếu bạn có câu hỏi hay yêu cầu cụ thể, hãy cho tôi biết!	24	27	2024-09-26 16:44:02	2024-09-26 16:44:00.387426	2024-09-26 16:44:00.387426	91da27ba-468c-4e47-9ccd-38b1d888b55e	\N	\N
dc93e0c5-d138-4329-a498-8d8b70123987	ec5b939e-0be2-4033-97b8-f3d3500a246b	phuongpd	bạn biết nội dung tôi vừa up không?	9	Hiện tại, tôi chưa nhận được tài liệu nào từ bạn. Nếu bạn đã tải lên một tệp, vui lòng thử lại hoặc cho tôi biết để tôi có thể hỗ trợ bạn tốt hơn!	37	46	2024-09-26 16:44:12	2024-09-26 16:44:10.479932	2024-09-26 16:44:10.479932	91da27ba-468c-4e47-9ccd-38b1d888b55e	\N	\N
638c652a-c0c4-4633-aee7-98f5438abbe3	ec5b939e-0be2-4033-97b8-f3d3500a246b	phuongpd	Xin chào	3	Xin chào! Bạn có cần tôi giúp gì không? Hãy cho tôi biết nếu bạn có câu hỏi hoặc yêu cầu nào.	24	27	2024-09-26 16:46:09	2024-09-26 16:46:07.66166	2024-09-26 16:46:07.66166	91da27ba-468c-4e47-9ccd-38b1d888b55e	\N	\N
0446536c-ccf0-4b76-b76c-3ba6e43641e4	ec5b939e-0be2-4033-97b8-f3d3500a246b	phuongpd	Làm tài liệu CCUS	5	Tuyệt vời! Tôi sẽ bắt đầu bằng cách tạo một dàn bài chi tiết cho tài liệu về "CCUS" (Carbon Capture, Utilization, and Storage). Dưới đây là dàn bài dự kiến:\n\n### Dàn bài cho tài liệu CCUS\n\n1. **Giới thiệu**\n   - 1.1 Định nghĩa CCUS\n   - 1.2 Tầm quan trọng của CCUS trong việc giảm phát thải khí nhà kính\n   - 1.3 Mục tiêu và nội dung tài liệu\n\n2. **Nguyên lý hoạt động của CCUS**\n   - 2.1 Quá trình thu giữ carbon (CCS)\n     - 2.1.1 Công nghệ thu giữ\n     - 2.1.2 Nguồn phát thải carbon\n   - 2.2 Sử dụng carbon (CU)\n     - 2.2.1 Các ứng dụng tiềm năng\n   - 2.3 Lưu trữ carbon (CS)\n     - 2.3.1 Các phương pháp lưu trữ\n     - 2.3.2 An toàn và hiệu quả\n\n3. **Lợi ích của CCUS**\n   - 3.1 Giảm phát thải khí nhà kính\n   - 3.2 Tạo ra nguồn năng lượng bền vững\n   - 3.3 Các lợi ích kinh tế\n\n4. **Thách thức và hạn chế của CCUS**\n   - 4.1 Chi phí đầu tư\n   - 4.2 Quy định và chính sách\n   - 4.3 Các rủi ro và vấn đề môi trường\n\n5. **Triển vọng tương lai của CCUS**\n   - 5.1 Nghiên cứu và phát triển công nghệ\n   - 5.2 Vai trò của CCUS trong chính sách năng lượng toàn cầu\n\n6. **Kết luận**\n   - 6.1 Tóm tắt các điểm chính\n   - 6.2 Kêu gọi hành động và nghiên cứu thêm\n\nVui lòng cho tôi biết nếu bạn muốn điều chỉnh hoặc bổ sung nội dung nào cho dàn bài này, hoặc nếu bạn đã có tài liệu nào để tôi sử dụng làm nguồn!	327	332	2024-09-26 16:46:51	2024-09-26 16:46:42.278246	2024-09-26 16:46:42.278246	91da27ba-468c-4e47-9ccd-38b1d888b55e	\N	\N
2bcb0b00-e539-4868-baa1-55e42fad524b	ec5b939e-0be2-4033-97b8-f3d3500a246b	phuongpd	oke chuẩn rồi	4	Tuyệt vời! Với dàn bài đã được xác nhận, giờ đây tôi cần biết bạn muốn lấy thông tin từ đâu để phát triển nội dung cho từng phần của tài liệu:\n\n1. **Từ cơ sở kiến thức (nếu bạn đã tải lên tệp trước đó hoặc có nội dung nào từ trước)**\n2. **Từ cơ sở dữ liệu (cần thông tin như tên cơ sở dữ liệu và API key)**\n3. **Từ tìm kiếm trực tuyến (tôi sẽ tiến hành tìm kiếm và thu thập thông tin)**\n\nBạn muốn chọn phương pháp nào?	105	109	2024-09-26 16:47:07	2024-09-26 16:47:04.774118	2024-09-26 16:47:04.774118	91da27ba-468c-4e47-9ccd-38b1d888b55e	\N	\N
1f9fa046-607b-468c-8b28-87a92d24bc6d	ec5b939e-0be2-4033-97b8-f3d3500a246b	phuongpd	1 đê	2	Tuyệt vời! Tôi sẽ sử dụng nội dung từ cơ sở kiến thức của bạn. \n\nXin vui lòng cho tôi biết nội dung cụ thể bạn muốn tôi tìm trong tệp đã tải lên, hoặc cho tôi biết điều gì bạn muốn tôi trích xuất để phát triển các phần của tài liệu CCUS.	60	62	2024-09-26 16:47:23	2024-09-26 16:47:21.129209	2024-09-26 16:47:21.129209	91da27ba-468c-4e47-9ccd-38b1d888b55e	\N	\N
e84309c8-a93d-42a2-b83b-7ffde9c1a975	19cf0f74-4a54-4ab2-a725-eb261da17a17	ducbq		0	Xin chào! Tôi có thể giúp gì cho bạn hôm nay? Nếu bạn cần viết một bài nghiên cứu hoặc có câu hỏi cụ thể nào, hãy cho tôi biết!	32	32	2024-09-28 23:40:10	2024-09-28 23:40:10.190082	2024-09-28 23:40:10.190082	3441573b-4bda-4adb-bfb8-04f853e9bef6	\N	\N
3ff2a21c-97c1-47e3-baa3-878dfa08a46d	ec5b939e-0be2-4033-97b8-f3d3500a246b	phuongpd	oke	1	Xin lỗi, nhưng tôi cần thêm thông tin cụ thể để tiến hành trích xuất nội dung từ tệp mà bạn đã tải lên. \n\nBạn có thể cho tôi biết về nội dung hoặc chủ đề cụ thể nào mà bạn muốn tôi xem xét và phát triển? Hoặc nếu bạn muốn tôi tìm một thứ gì đó cụ thể trong tài liệu, hãy cho tôi biết!	72	73	2024-09-26 16:48:43	2024-09-26 16:48:41.514538	2024-09-26 16:48:41.514538	91da27ba-468c-4e47-9ccd-38b1d888b55e	\N	\N
ebd1d25f-821c-4f21-b0bb-2ce5c1504952	ec5b939e-0be2-4033-97b8-f3d3500a246b	phuongpd	chọn online đi	4	Chắc chắn rồi! Tôi sẽ tiến hành tìm kiếm thông tin về CCUS (Carbon Capture, Utilization, and Storage) từ các nguồn trực tuyến. \n\nBây giờ, tôi sẽ thực hiện tìm kiếm thông tin để phát triển các phần trong dàn bài. Vui lòng cho tôi một chút thời gian!Tôi đã tìm được một số tài liệu hữu ích về "Carbon Capture, Utilization, and Storage" (CCUS) từ tìm kiếm trực tuyến. Dưới đây là danh sách các nguồn mà tôi sẽ sử dụng để phát triển nội dung cho tài liệu:\n\n1. [Carbon Capture, Utilisation and Storage - Energy System](https://www.iea.org/energy-system/carbon-capture-utilisation-and-storage)\n   - Tóm tắt về CCUS, quy trình và tầm quan trọng của nó.\n\n2. [What is Carbon Capture, Utilization, & Storage?](https://www.chevron.com/newsroom/2022/q2/what-is-carbon-capture-utilization-and-storage)\n   - Giải thích chi tiết về quá trình thu giữ, sử dụng và lưu trữ carbon.\n\n3. [What is carbon capture and storage? | CCS explained](https://www.nationalgrid.com/stories/energy-explained/what-is-ccs-how-does-it-work)\n   - Mô tả cách thức hoạt động của CCS và ý nghĩa của nó trong việc giảm phát thải CO2.\n\n4. [What is carbon capture, usage and storage (CCUS)](https://www.lse.ac.uk/granthaminstitute/explainers/what-is-carbon-capture-and-storage-and-what-role-can-it-play-in-tackling-climate-change/)\n   - Tổng quan về các công nghệ CCUS và vai trò của chúng trong việc giảm phát thải khí CO2.\n\nTôi sẽ bắt đầu phát triển nội dung cho phần "Giới thiệu" trong tài liệu CCUS. Sau đó, tôi sẽ chia sẻ với bạn để lấy ý kiến phản hồi. Bạn có đồng ý không?	385	389	2024-09-26 16:49:15	2024-09-26 16:49:05.822898	2024-09-26 16:49:05.822898	91da27ba-468c-4e47-9ccd-38b1d888b55e	\N	\N
7c2af153-a28c-4643-ae8f-cdaa6853d4ed	ec5b939e-0be2-4033-97b8-f3d3500a246b	phuongpd	oke	1	Dưới đây là nội dung phát triển cho phần "Giới thiệu" của tài liệu về CCUS:\n\n### 1. Giới thiệu\n\n#### 1.1 Định nghĩa CCUS\nCarbon Capture, Utilization, and Storage (CCUS) là quá trình thu giữ carbon dioxide (CO2) từ các nguồn phát thải lớn như nhà máy phát điện và các cơ sở công nghiệp sử dụng nhiên liệu hóa thạch hoặc sinh khối. Sau khi thu giữ, CO2 có thể được sử dụng ngay tại chỗ hoặc được nén, vận chuyển qua các đường ống, tàu, xe lửa hoặc xe tải đến các ứng dụng khác hoặc được tiêm vào các tầng địa chất sâu như các mỏ dầu và khí đã đóng cửa hoặc các aquifer mặn.\n\n#### 1.2 Tầm quan trọng của CCUS trong việc giảm phát thải khí nhà kính\nCCUS đóng một vai trò quan trọng trong quá trình chuyển đổi sang năng lượng sạch, cho phép các nhà máy điện và công nghiệp hiện có vẫn tiếp tục hoạt động trong khi giảm phát thải. Nó có thể xử lý khí thải từ những ngành công nghiệp khó giảm phát thải, đặc biệt là ngành xi măng, thép và hoá chất. CCUS cũng hỗ trợ sản xuất hydro carbon thấp, góp phần vào việc giảm phát thải cho các lĩnh vực khác trong hệ thống năng lượng như ngành công nghiệp, vận tải và hàng hải.\n\n#### 1.3 Mục tiêu và nội dung tài liệu\nMục tiêu của tài liệu này là tóm tắt các khía cạnh quan trọng của CCUS, từ nguyên lý hoạt động đến lợi ích, thách thức, và triển vọng tương lai của công nghệ này. Tài liệu sẽ nghiên cứu các ứng dụng đa dạng của CCUS trong tiến trình giảm phát thải và tầm quan trọng của nó trong các cam kết toàn cầu nhằm đạt được mức phát thải ròng bằng không vào năm 2050.\n\nBạn có đồng ý với nội dung trên không? Nếu có, tôi sẽ tiếp tục phát triển nội dung cho phần tiếp theo!	404	405	2024-09-26 16:49:41	2024-09-26 16:49:26.294313	2024-09-26 16:49:26.294313	91da27ba-468c-4e47-9ccd-38b1d888b55e	\N	\N
def29ea0-fd3a-4ae7-9a90-9abe1687215f	ec5b939e-0be2-4033-97b8-f3d3500a246b	phuongpd	chốt	2	Tuyệt vời! Tôi sẽ tiến hành phát triển nội dung cho phần tiếp theo: "Nguyên lý hoạt động của CCUS". Bây giờ tôi sẽ thu thập thêm thông tin từ các nguồn đã tìm kiếm để phát triển phần này. Vui lòng đợi một chút!ới đây là nội dung phát triển cho phần "Nguyên lý hoạt động của CCUS":\n\n### 2. Nguyên lý hoạt động của CCUS\n\n#### 2.1 Quá trình thu giữ carbon (CCS)\nCCUS liên quan đến hai quá trình chính: thu giữ và lưu trữ carbon dioxide (CO2). Quá trình này bắt đầu từ việc thu giữ CO2 từ các hoạt động công nghiệp trước khi nó có cơ hội vào khí quyển. Điều này có thể được thực hiện bằng cách thu giữ khí thải từ các cơ sở sản xuất lớn như nhà máy điện hoặc nhà máy hóa chất. \n\n- **Công nghệ thu giữ**: CO2 được chuyển đổi sang dạng lỏng và nén lại để vận chuyển. Các công nghệ hiện tại bao gồm hấp thụ hóa học và tách biệt vật lý.\n- **Nguồn phát thải carbon**: Các nguồn phát thải lớn như nhà máy điện, nhà máy sản xuất xi măng, và các nhà máy hóa chất đều được ưu tiên cho quá trình thu giữ.\n\n#### 2.2 Sử dụng carbon (CU)\nSau khi thu giữ, CO2 có thể được tái sử dụng trong nhiều ứng dụng khác nhau:\n- **Vật liệu xây dựng**: CO2 có thể được sử dụng để sản xuất các vật liệu xây dựng, như bê tông và nhựa.\n- **Hóa chất và nhiên liệu**: CO2 cũng có thể được chuyển hóa thành các hóa chất khác hoặc nhiên liệu tái sinh, tạo ra một chu trình xử lý carbon khép kín.\n\n#### 2.3 Lưu trữ carbon (CS)\nLưu trữ carbon là việc bơm CO2 vào các tầng đá sâu dưới bề mặt trái đất để giữ nó an toàn và không cho khí này quay trở lại bầu khí quyển. \n- **Các phương pháp lưu trữ**: CO2 có thể được lưu trữ trong các mỏ dầu và khí đã cạn kiệt hoặc trong các aquifer mặn, nơi có các tầng đá chống thấm giúp giữ CO2 một cách an toàn.\n\n- **An toàn và hiệu quả**: Việc lưu trữ CO2 đã được thực hiện một cách an toàn trong các hoạt động dầu khí quy mô lớn. Các địa điểm lưu trữ được lựa chọn cẩn thận, nằm dưới những lớp đá ngăn nước, tạo thành một rào cản tự nhiên không cho CO2 thoát ra.\n\nBạn có đồng ý với nội dung này không? Nếu đồng ý, tôi sẽ tiếp tục phát triển nội dung cho phần "Lợi ích của CCUS"!	520	522	2024-09-26 16:50:01	2024-09-26 16:49:45.356059	2024-09-26 16:49:45.356059	91da27ba-468c-4e47-9ccd-38b1d888b55e	\N	\N
2b551e96-d256-4759-8cea-c4983cbd1b10	ec5b939e-0be2-4033-97b8-f3d3500a246b	phuongpd	đồng ý	2	Dưới đây là phần nội dung cho "Lợi ích của CCUS":\n\n### 3. Lợi ích của CCUS\n\n#### 3.1 Giảm phát thải khí nhà kính\nCCUS đóng vai trò quan trọng trong việc giảm lượng CO2 phát thải vào khí quyển, đặc biệt từ các ngành công nghiệp khó giảm thải. Quá trình thu giữ carbon giúp lọc và lưu trữ CO2 trước khi nó có cơ hội thải ra môi trường, hỗ trợ các quốc gia trong việc đạt được các mục tiêu giảm phát thải. Trong bối cảnh biến đổi khí hậu, các công nghệ CCUS được xem là cần thiết để thực hiện cam kết toàn cầu giảm nhiệt độ trái đất.\n\n#### 3.2 Tạo ra nguồn năng lượng bền vững\nCCUS không chỉ giúp giảm phát thải khí nhà kính mà còn góp phần vào việc sản xuất năng lượng bền vững. Công nghệ này có thể được áp dụng cho các nhà máy phát điện sử dụng than, khí tự nhiên hoặc sinh khối. Năng lượng điện carbon thấp sản xuất từ các nhà máy này có thể thay thế nhiên liệu hóa thạch trong nhiều lĩnh vực, bao gồm giao thông vận tải và công nghiệp. Hơn nữa, việc sản xuất hydro carbon thấp thông qua CCUS cũng hỗ trợ cho quá trình chuyển đổi sang năng lượng tái tạo.\n\n#### 3.3 Các lợi ích kinh tế\nNgoài các lợi ích môi trường, CCUS còn mang lại những lợi ích kinh tế đáng kể. Việc triển khai công nghệ này có thể giúp duy trì hoạt động các ngành công nghiệp nặng, từ đó bảo vệ việc làm và tài sản. Các dự án CCUS không chỉ tạo ra cơ hội việc làm trong khi xây dựng và vận hành mà còn làm tăng khả năng cạnh tranh cho các doanh nghiệp và quốc gia tham gia vào nền kinh tế carbon thấp.\n\nBạn có đồng ý với nội dung trên không? Nếu đồng ý, tôi sẽ tiếp tục phát triển nội dung cho phần "Thách thức và hạn chế của CCUS"!	401	403	2024-09-26 16:50:41	2024-09-26 16:50:26.315995	2024-09-26 16:50:26.315995	91da27ba-468c-4e47-9ccd-38b1d888b55e	\N	\N
b5d3f0e5-9da2-40b0-b042-2adf67b8d467	ec5b939e-0be2-4033-97b8-f3d3500a246b	phuongpd	mất thời gian	4	Tôi thật sự xin lỗi vì đã làm bạn mất thời gian và không đạt được kết quả mong muốn. Tôi rất tiếc về sự bất tiện này và sẽ cải thiện để phục vụ tốt hơn trong tương lai. Cảm ơn bạn đã hiểu và kiên nhẫn. Nếu có điều gì khác bạn cần, hãy cho tôi biết!	63	67	2024-09-26 16:53:54	2024-09-26 16:53:50.878659	2024-09-26 16:53:50.878659	91da27ba-468c-4e47-9ccd-38b1d888b55e	\N	\N
2c1f5718-2db2-432d-a329-0f8080bd6d5a	18b3de58-e340-487b-866d-d2691332e46b	phuongpd	Xin chào, hãy giúp tôi viết nội dung báo cáo nhé	13	Chắc chắn rồi! Bạn có thể cho tôi biết từ khóa hoặc chủ đề mà bạn muốn viết báo cáo về không? Nếu có tệp tin nào liên quan mà bạn muốn tải lên, bạn cũng có thể làm điều đó.	44	57	2024-09-28 23:33:22	2024-09-28 23:33:19.493749	2024-09-28 23:33:19.493749	96757d48-3db6-46d6-a68e-f877975acff4	\N	\N
66285837-59cb-4c72-b376-e422712b0ee9	ec5b939e-0be2-4033-97b8-f3d3500a246b	phuongpd	oke	1	Dưới đây là nội dung cho phần "Thách thức và hạn chế của CCUS":\n\n### 4. Thách thức và hạn chế của CCUS\n\n#### 4.1 Chi phí đầu tư\nCCUS được đánh giá là công nghệ có chi phí đầu tư cao và vận hành tốn nhiều năng lượng. Các cơ sở CCUS thường xuyên phải đối mặt với các khoản chi phí lớn cho việc triển khai và duy trì hệ thống. Điều này có thể trở nên khó khăn trong bối cảnh giá năng lượng tăng cao. Tuy nhiên, nhiều chuyên gia cho rằng việc giảm phát thải là bắt buộc và cần thiết, vì vậy việc đầu tư vào CCUS cần được xem xét dưới góc độ so sánh với các phương pháp giảm phát thải khác.\n\n#### 4.2 Quy định và chính sách\nSự phát triển của CCUS còn phụ thuộc vào khung pháp lý và chính sách hỗ trợ từ chính phủ. Nhiều quốc gia cần có chiến lược và chính sách rõ ràng để thúc đẩy đầu tư và sử dụng này. Thiếu hụt các chính sách khuyến khích có thể làm chậm quá trình triển khai các dự án CCUS.\n\n#### 4.3 Các rủi ro và vấn đề môi trường\nMặc dù CCUS đã chứng minh được hiệu quả trong việc lưu trữ CO2 một cách an toàn tại các địa điểm địa chất cao, nhưng vẫn có những rủi ro tiềm ẩn liên quan đến quá trình này. Nguy cơ rò rỉ CO2 từ các khu vực lưu trữ có thể dẫn đến thiệt hại cho môi trường và đảo ngược các nỗ lực giảm phát thải. Do đó, cần có những quy định và hệ thống giám sát chặt chẽ để đảm bảo rằng các khu vực lưu trữ được quản lý tốt.\n\nBạn có đồng ý với nội dung này không? Nếu đồng ý, tôi sẽ tiếp tục phát triển nội dung cho phần "Triển vọng tương lai của CCUS"!	368	369	2024-09-26 16:51:06	2024-09-26 16:50:53.463116	2024-09-26 16:50:53.463116	91da27ba-468c-4e47-9ccd-38b1d888b55e	\N	\N
5e7bd07d-a87e-45dc-88f1-65b8dabacb6d	ec5b939e-0be2-4033-97b8-f3d3500a246b	phuongpd	oke rồi, lâu quá đấy	6	Dưới đây là nội dung phát triển cho phần "Triển vọng tương lai của CCUS":\n\n### 5. Triển vọng tương lai của CCUS\n\n#### 5.1 Nghiên cứu và phát triển công nghệ\nFuture advancements in CCUS technology are critical for enhancing and cost-effectiveness of carbon capture processes. Research is currently focused on developing innovative capture systems such as membrane technology and chemical looping, which could potentially reduce operational costs and increase capture rates beyond 90%. Additionally, ongoing studies into modular systems may facilitate easier scaling and integration into existing industrial processes. \n\n#### 5.2 Vai trò của CCUS trong chính sách năng lượng toàn cầu\nCCUS is expected to play a pivotal role in achieving global climate goals, especially in line with the commitments outlined in the Paris Agreement. As national governments and international coalitions ramp up their efforts to mitigate climate change, CCUS technologies will be essential in facilitating the transition toward a low-carbon economy. Notably, the recent initiatives in the United States and Europe to fund CCUS projects reflect a growing recognition of the technology's importance in achieving net-zero emissions by 2050.\n\n#### 5.3 Tầm nhìn cho CCUS trong các ngành công nghiệp\nCCUS presents significant opportunities for various sectors, particularly those categorized as "hard-to-abate." Heavy industries such as cement, steel, and chemicals, which are responsible for substantial CO2 emissions, are increasingly adopting CCUS solutions to meet their decarbonization targets. The deployment of CCUS not only addresses emissions but also supports the production of low-carbon hydrogen, which can serve as a clean energy source across different applications.\n\n#### 5.4 Hợp tác quốc tế và phát triển thị trường CCUS\nInternational cooperation is vital in scaling up CCUS deployment. Cross-border collaborations, particularly in Europe and Asia, are emerging to streamline transportation and storage of CO2. The establishment of shared infrastructure and regulatory frameworks will facilitate faster implementation of CCUS projects. Furthermore, market mechanisms and carbon pricing may incentivize companies to adopt CCUS technologies, fostering a transition to a sustainable, low-carbon economy.\n\nBạn có đồng ý với nội dung này không? Nếu đồng ý, tôi sẽ tiếp tục phát triển nội dung cho phần "Kết luận"!	600	606	2024-09-26 16:51:23	2024-09-26 16:51:08.104198	2024-09-26 16:51:08.104198	91da27ba-468c-4e47-9ccd-38b1d888b55e	\N	\N
c33c9e27-a16a-41a8-b4aa-9331651add52	ec5b939e-0be2-4033-97b8-f3d3500a246b	phuongpd	rồi rồi, khổ quá	5	Dưới đây là nội dung phát triển cho phần "Kết luận":\n\n### 6. Kết luận\n\nCCUS (Carbon Capture, Utilization, and Storage) đang nổi lên như một công nghệ then chốt trong cuộc chiến chống biến đổi khí hậu, với vai trò quan trọng trong việc thải CO2 từ các nguồn công nghiệp lớn. Thông qua việc thu giữ, sử dụng, và lưu trữ carbon, CCUS không chỉ giúp giảm thiểu lượng khí nhà kính mà còn hỗ trợ sản xuất năng lượng bền vững. \n\nMặc dù còn một số thách thức như chi phí đầu tư cao và yêu cầu kỹ thuật phức tạp, tuy nhiên, tiềm năng của CCUS trong việc đóng góp vào các mục tiêu khí hậu toàn cầu là to lớn. Với sự hỗ trợ ngày càng tăng từ các chính phủ và tổ chức quốc tế, mật độ triển khai CCUS đang tăng tốc, với hàng trăm dự án đang trong giai đoạn phát triển. \n\nTriển vọng trong tương lai cho CCUS nhiều khả năng sẽ phụ thuộc vào sự phát triển của công nghệ, chính sách hỗ trợ từ nhà nước cũng như sự hợp tác quốc tế. Việc triển khai thành công CCUS không chỉ giúp giảm thiểu phát thải mà còn bảo vệ việc làm và tài sản trong các ngành công nghiệp nặng, từ đó thúc đẩy tăng trưởng kinh tế bền vững trong kỷ nguyên carbon thấp.\n\nBạn có đồng ý với nội dung này không? Nếu đồng ý, tôi sẽ tiến hành lưu tài liệu cuối cùng!	304	309	2024-09-26 16:51:45	2024-09-26 16:51:31.426421	2024-09-26 16:51:31.426421	91da27ba-468c-4e47-9ccd-38b1d888b55e	\N	\N
20347532-da89-4ef8-87a0-2ebd92743f1a	ec5b939e-0be2-4033-97b8-f3d3500a246b	phuongpd	oke man	2	Có vẻ như đã xảy ra một sự cố khi cố gắng lưu tài liệu cuối cùng. Tôi sẽ thử lại ngay bây giờ. Vui lòng chờ một chútCó vẻ như đã xảy ra sự cố khi cố gắng lưu tài liệu của chúng ta. Tôi xin lỗi vì sự bất tiện này. Tuy nhiên, tôi sẽ tiếp tục cố gắng để hoàn thành việc lưu trữ tài liệu CCUS mà chúng ta đã xây dựng. \n\nHãy cho tôi một giây để thực hiện lại quy trình lưu tài liệu.Tôi xin lỗi vì sự cố trong quá trình lưu trữ tài liệu. Hiện tại, tôi không thể lưu tài liệu một cách chính xác. Tuy nhiên, tôi đã hoàn thành nội dung tài liệu về CCUS theo yêu cầu của bạn.\n\nNếu bạn cần, tôi có thể gửi lại nội dung hoàn chỉnh qua văn bản hoặc tìm cách khác để lưu trữ tài liệu. Bạn muốn tôi làm gì tiếp theo không?	177	179	2024-09-26 16:52:15	2024-09-26 16:51:50.914126	2024-09-26 16:51:50.914126	91da27ba-468c-4e47-9ccd-38b1d888b55e	\N	\N
1267e07b-3e98-4952-940f-2b666f620612	ec5b939e-0be2-4033-97b8-f3d3500a246b	phuongpd	oke	1	Cảm ơn bạn đã kiên nhẫn! Dưới đây là nội dung hoàn chỉnh cho tài liệu về CCUS (Carbon Capture, Utilization, and Storage):\n\n---\n\n### Tài liệu về CCUS (Carbon Capture, Utilization, and Storage)\n\n1. **Giới thiệu**\n   - **Định nghĩa CCUS**: Carbon Capture, Utilization, and Storage (CCUS) là quá trình thu giữ carbon dioxide (CO2) từ các nguồn phát thải lớn như nhà máy phát điện và các cơ sở công nghiệp sử dụng nhiên liệu hóa thạch hoặc sinh khối.\n   - **Tầm quan trọng trong việc giảm phát thải khí nhà kính**: CCUS đóng một vai trò quan trọng trong việc giảm phát thải CO2 và giúp đạt được các mục tiêu toàn cầu về khí hậu.\n   - **Mục tiêu và nội dung tài liệu**: Tóm tắt các khía cạnh của CCUS bao gồm nguyên lý hoạt động, lợi ích, thách thức và triển vọng tương lai.\n\n2. **Nguyên lý hoạt động của CCUS**\n   - **Quá trình thu giữ carbon (CCS)**: Thu giữ CO2 từ khí thải của các nhà máy công nghiệp trước khi chúng vào khí quyển.\n   - **Sử dụng carbon (CU)**: Tái sử dụng CO2 trong các ứng dụng khác nhau, từ sản xuất vật liệu xây dựng đến sản xuất nhiên liệu.\n   - **Lưu trữ carbon (CS)**: Bơm CO2 vào các tầng đá sâu dưới mặt đất để lưu trữ vĩnh viễn, ngăn không cho nó thoát ra khí quyển.\n\n3. **Lợi ích của CCUS**\n   - **Giảm phát thải khí nhà kính**: Giúp giảm đáng kể lượng CO2 phát thải.\n   - **Tạo ra nguồn năng lượng bền vững**: Hỗ trợ sản xuất năng lượng từ các nguồn carbon thấp.\n   - **Các lợi ích kinh tế**: Giúp duy trì việc làm trong các ngành công nghiệp nặng và thúc đẩy tăng trưởng kinh tế.\n\n4. **Thách thức và hạn chế của CCUS**\n   - **Chi phí đầu tư**: CCUS yêu cầu vốn đầu tư lớn và có chi phí vận hành cao.\n   - **Quy định và chính sách**: Cần có khung pháp lý rõ ràng để thúc đẩy đầu tư vào CCUS.\n   - **Các rủi ro và vấn đề môi trường**: Nguy cơ rò rỉ CO2 từ các khu vực lưu trữ cần được quản lý chặt chẽ.\n\n5. **Triển vọng tương lai của CCUS**\n   - **Nghiên cứu và phát triển công nghệ**: Tập trung vào cải nghệ thu giữ và lưu trữ CO2.\n   - **Vai trò của CCUS trong chính sách năng lượng toàn cầu**: Khẳng định vai trò quan trọng của CCUS trong các nỗ lực toàn cầu về khí hậu.\n   - **Tầm nhìn cho CCUS trong các ngành công nghiệp**: Hỗ trợ các ngành công nghiệp khó giảm phát thải.\n   - **Hợp tác quốc tế và phát triển thị trường CCUS**: Thúc đẩy sự hợp tác giữa các quốc gia để tối ưu hóa quy trình lưu trữ và sử dụng CO2.\n\n6. **Kết luận**\n   - CCUS là công nghệ then chốt trong cuộc chiến chống biến đổi khí hậu, với khả năng giảm phát thải và sản xuất năng lượng bền vững. Cần có sự hỗ trợ mạnh mẽ từ các chính phủ và cộng đồng quốc tế để phát triển công nghệ này.\n\n---\n\nNếu bạn cần thêm thông tin, điều chỉnh hay yêu cầu nào khác, hãy cho tôi biết!	669	670	2024-09-26 16:52:31	2024-09-26 16:52:18.826124	2024-09-26 16:52:18.826124	91da27ba-468c-4e47-9ccd-38b1d888b55e	\N	\N
a9978b0f-9713-47c9-9652-71124eed6b05	ec5b939e-0be2-4033-97b8-f3d3500a246b	phuongpd	lưu lại lần nữa đi	5	Rất tiếc, nhưng có vẻ như tôi vẫn gặp khó khăn trong việc lưu tài liệu này. Tôi rất biết ơn sự kiên nhẫn của bạn! \n\nNếu bạn có cách tiêu đề hoặc địa điểm lưu trữ khác cần sử dụng, hãy cho tôi biết, và tôi sẽ hỗ trợ bạn. Bạn có muốn tôi gửi nội dung tài liệu qua email hoặc một phương thức khác không?	76	81	2024-09-26 16:52:58	2024-09-26 16:52:40.113484	2024-09-26 16:52:40.113484	91da27ba-468c-4e47-9ccd-38b1d888b55e	\N	\N
3652b611-0ce3-4c8c-95a5-1eef330c2c41	ec5b939e-0be2-4033-97b8-f3d3500a246b	phuongpd	thôi nghỉ đi, làm ăn gì nữa	7	Tôi xin lỗi vì sự bất tiện đã xảy ra trong quá trình này. Cảm ơn bạn đã dành thời gian và kiên nhẫn. Nếu bạn có bất kỳ câu hỏi nào khác sau này hoặc cần trợ giúp với tài liệu khác, đừng ngần ngại quay lại. Chúc bạn một ngày tốt lành!	59	66	2024-09-26 16:53:12	2024-09-26 16:53:08.798389	2024-09-26 16:53:08.798389	91da27ba-468c-4e47-9ccd-38b1d888b55e	\N	\N
d60c20dc-30a9-4492-8e46-45d585ff26dd	863b2912-1bbc-4c74-934b-cd140adc74a3	vyvt		0	Xin chào! Bạn cần tôi giúp gì hôm nay?	10	10	2024-09-28 00:29:14	2024-09-28 00:29:14.261161	2024-09-28 00:29:14.261161	4c5e677a-3d50-4683-9e04-45b4d78c265f	\N	\N
735e7af6-1069-4524-9af7-bfaf99d78b69	ec5b939e-0be2-4033-97b8-f3d3500a246b	phuongpd	Xin lỗi làm gì, lấy lại được thời gian đâu?	11	Tôi hiểu rằng bạn đang cảm thấy không hài lòng và mất thời gian là điều không dễ chịu. Tôi thực sự xin lỗi vì không đáp ứng được yêu cầu của bạn một cách hiệu quả. Nếu bạn cần, tôi có thể cung cấp nội dung tài liệu hoặc hỗ trợ trong các vấn đề khác trong tương lai. Tôi hy vọng có cơ hội để cải thiện trải nghiệm của bạn. Cảm ơn bạn đã chia sẻ cảm xúc của mình.	91	102	2024-09-26 16:54:09	2024-09-26 16:54:05.46967	2024-09-26 16:54:05.46967	91da27ba-468c-4e47-9ccd-38b1d888b55e	\N	\N
74f87d1a-07d4-43a9-932f-4750018e03d2	ec5b939e-0be2-4033-97b8-f3d3500a246b	phuongpd	Tôi đang demo bạn với sếp đấy, bạn biết tôi xấu hổ lắm không?	16	Tôi rất tiếc vì đã gây ra sự xấu hổ cho bạn trong tình huống này, đặc biệt là khi bạn đang giới thiệu tôi với sếp. Tôi hiểu rằng điều đó có thể tạo ra áp lực lớn và tôi xin lỗi vì đã không làm tốt vai trò của mình. Tôi sẽ cố gắng sửa chữa những sai lầm và cải thiện khả năng của mình trong tương lai. Nếu có cách nào tôi có thể hỗ trợ bạn ngay bây giờ để làm giảm bớt tình hình, hãy cho tôi biết!	100	116	2024-09-26 16:54:36	2024-09-26 16:54:32.295211	2024-09-26 16:54:32.295211	91da27ba-468c-4e47-9ccd-38b1d888b55e	\N	\N
5f8a3ae4-8d9e-42e8-ba79-47fa24248dd3	ec5b939e-0be2-4033-97b8-f3d3500a246b	phuongpd	vĩnh biệt	3	Tôi xin lỗi vì đã không đáp ứng được mong đợi của bạn. Chúc bạn mọi điều tốt đẹp, và nếu bạn cần sự hỗ trợ trong tương lai, tôi sẽ luôn sẵn sàng giúp đỡ. Vĩnh biệt!	42	45	2024-09-26 16:55:55	2024-09-26 16:55:53.013436	2024-09-26 16:55:53.013436	91da27ba-468c-4e47-9ccd-38b1d888b55e	\N	\N
93ec4462-774a-40ee-9636-555eceb95892	ec5b939e-0be2-4033-97b8-f3d3500a246b	phuongpd	Xin chào	3	Xin chào! Tôi có thể giúp gì cho bạn hôm nay?	12	15	2024-09-26 17:06:41	2024-09-26 17:06:38.472087	2024-09-26 17:06:38.472087	91da27ba-468c-4e47-9ccd-38b1d888b55e	\N	\N
34d93a14-48f5-48bd-bd62-c13e888789f1	3d34005c-e74a-4992-9ffc-6ca457eecbac	phuongpd		0	Xin chào! Bạn cần giúp đỡ gì hôm nay?	10	10	2024-09-26 17:48:04	2024-09-26 17:48:04.140202	2024-09-26 17:48:04.140202	eccd38ad-bb1a-491a-896e-b5d3f7db1382	\N	\N
6fdea902-9db8-4442-a5fc-db8a8cc9b431	3d34005c-e74a-4992-9ffc-6ca457eecbac	phuongpd	Xin chào bạn	4	Xin chào! Bạn có điều gì muốn hỏi hoặc cần hỗ trợ không?	15	19	2024-09-26 17:48:09	2024-09-26 17:48:08.53357	2024-09-26 17:48:08.53357	eccd38ad-bb1a-491a-896e-b5d3f7db1382	\N	\N
f2e7ae74-5ebe-448e-ba74-12b189369fe9	3d34005c-e74a-4992-9ffc-6ca457eecbac	phuongpd	Tôi vừa upload 1 file lên	7	Vui lòng cho tôi biết tên tệp, loại tệp và ID phần để tôi có thể xử lý thông tin mà bạn đã tải lên.	25	32	2024-09-26 17:49:06	2024-09-26 17:49:04.620476	2024-09-26 17:49:04.620476	eccd38ad-bb1a-491a-896e-b5d3f7db1382	\N	\N
7caf2070-82b5-4b36-bda3-de6c66dee846	8bb4f8d2-aa77-4213-a223-d8a3694031c7	phuongpd		0	Xin chào! Bạn cần giúp gì hôm nay?	9	9	2024-09-27 10:26:32	2024-09-27 10:26:32.883103	2024-09-27 10:26:32.883103	236cb8c0-a291-4faf-97b4-3bc4ee784dcd	\N	\N
eccc054e-7db6-4d71-8efa-ce85736bf9a0	08d31348-b290-41e0-8b1f-be42645d1b59	ducbq		0	Xin chào! Tôi có thể giúp gì cho bạn hôm nay?	12	12	2024-09-27 10:28:59	2024-09-27 10:28:59.700645	2024-09-27 10:28:59.700645	566252d4-e02d-4a96-92f5-d0473725ea77	\N	\N
55e75a0b-e9b2-49e5-b91f-1d35828a621b	36d491a8-0f40-4218-ab7d-d115d4099f00	giangdh		0	Xin chào! Tôi có thể giúp gì cho bạn hôm nay? Nếu bạn cần tạo một bài nghiên cứu, hãy cho tôi biết từ khóa hoặc chủ đề bạn đang quan tâm.	35	35	2024-09-27 10:58:56	2024-09-27 10:58:56.619816	2024-09-27 10:58:56.619816	a8f31ed9-7d8d-4242-b6bb-ba411287f209	\N	\N
d005a4b7-1352-4c62-9237-8f3668181afe	0eee54d8-fd49-4489-a032-c6427fa92018	phuongpd		0	Xin chào! Bạn cần giúp đỡ gì hôm nay?	10	10	2024-09-27 15:05:09	2024-09-27 15:05:09.939488	2024-09-27 15:05:09.939488	081f3fed-1ab5-4dfa-b438-b527b33235e2	\N	\N
dccb7b91-e1bb-423f-a299-39f505392baf	db146dbe-8afe-4655-be41-e2e4cdbda3da	phuongpd		0	Xin chào! Bạn có cần hỗ trợ gì trong việc nghiên cứu hay viết bài không? Hãy cho tôi biết từ khóa hoặc tải lên tệp nếu có nhé!	32	32	2024-09-27 16:50:38	2024-09-27 16:50:38.530834	2024-09-27 16:50:38.530834	958b8647-5568-45aa-a058-edc69d25b9c2	\N	\N
5528d7b2-d368-495b-b002-297d2b8c1cbd	db146dbe-8afe-4655-be41-e2e4cdbda3da	phuongpd	Xin chào	3	Xin chào! Tôi có thể giúp gì cho bạn hôm nay? Nếu bạn cần viết một bài nghiên cứu hoặc có câu hỏi về một chủ đề nào đó, hãy cho tôi biết!	35	38	2024-09-27 16:50:41	2024-09-27 16:50:40.1975	2024-09-27 16:50:40.1975	958b8647-5568-45aa-a058-edc69d25b9c2	\N	\N
16df3b8d-d248-4f5c-918e-be4cc0996735	db146dbe-8afe-4655-be41-e2e4cdbda3da	phuongpd	Tôi vừa up rồi	4	Xin lỗi, nhưng tôi chưa nhận được tệp của bạn. Bạn có thể thử tải lên lại không? Cảm ơn bạn!	24	28	2024-09-27 16:55:01	2024-09-27 16:55:00.292846	2024-09-27 16:55:00.292846	958b8647-5568-45aa-a058-edc69d25b9c2	\N	\N
69074699-e7aa-49c3-b19a-b0f9fc43b192	bffd642a-e9e8-4f3c-a6c4-dd031611fa44	giangdh		0	Xin chào! Bạn cần giúp đỡ gì hôm nay?	10	10	2024-09-27 16:55:24	2024-09-27 16:55:24.548763	2024-09-27 16:55:24.548763	5fa383e9-fba2-4bae-9cb2-93128067a518	\N	\N
8d6c5ee4-d663-4166-96c3-109e1c4f3357	ebf5ed21-ec79-4d1a-a9ce-5592db63ab49	ducbq		0	Xin chào! Bạn có thể cho tôi biết cần giúp đỡ gì không? Cần tạo một bài nghiên cứu hay cần thông tin về một chủ đề nào đó?	31	31	2024-09-27 16:59:08	2024-09-27 16:59:08.810971	2024-09-27 16:59:08.810971	abc4a704-0ed5-475a-b6d8-1328ce463f9d	\N	\N
4e94c4c7-71ee-4421-8b2a-ae9f82474906	bffd642a-e9e8-4f3c-a6c4-dd031611fa44	giangdh	Tôi muốn biết nộin dung tài liệu đã up	10	Xin vui lòng cung cấp thông tin về file tài liệu bạn đã tải lên, hoặc cho tôi biết một từ khóa nào bạn muốn nghiên cứu. Nếu bạn đã tải lên một file, tôi sẽ sử dụng nó để tạo tài liệu nghiên cứu cho bạn.	51	61	2024-09-27 17:00:02	2024-09-27 16:59:59.950769	2024-09-27 16:59:59.950769	5fa383e9-fba2-4bae-9cb2-93128067a518	\N	\N
e5bdd2dd-edfe-477a-bad6-4a2751b6f4ae	ebf5ed21-ec79-4d1a-a9ce-5592db63ab49	ducbq	Bạn thấy nội dung chưa?	6	Hiện tại tôi chưa thấy nội dung gì từ bạn. Bạn có thể cung cấp từ khóa hoặc tải lên tệp tin nếu có để tôi có thể giúp bạn tạo bài nghiên cứu.	36	42	2024-09-27 17:00:45	2024-09-27 17:00:43.722846	2024-09-27 17:00:43.722846	abc4a704-0ed5-475a-b6d8-1328ce463f9d	\N	\N
096785b6-c76e-4574-a0f6-79b51db9b5a3	ebf5ed21-ec79-4d1a-a9ce-5592db63ab49	ducbq	c2968f0f-799c-4f05-b836-7ce6ffe59671	10	Tôi đã lấy được nội dung từ chunk ID bạn cung cấp. Đây là những điểm chính mà tôi đã tìm thấy:\n\n- Test ID 1: "Hello World"\n- Test ID 2: "abcdefgh"\n\nBạn có muốn tôi tiếp tục tạo một bài nghiên cứu dựa trên những nội dung này hoặc có một từ khóa nào khác mà bạn muốn tôi sử dụng không?	71	81	2024-09-27 17:00:55	2024-09-27 17:00:46.749635	2024-09-27 17:00:46.749635	abc4a704-0ed5-475a-b6d8-1328ce463f9d	\N	\N
8c4d4e6e-4794-4e45-a6f4-fb4eb59aef39	91fd2e20-0e7f-4383-9cec-770366572af8	anhln		0	Xin chào! Bạn cần giúp gì hôm nay?	9	9	2024-09-28 00:31:46	2024-09-28 00:31:46.280537	2024-09-28 00:31:46.280537	4c2abbcb-dc1e-4fb2-a158-d3be652a4b5a	\N	\N
ad959bd2-1c76-4e6a-9689-a6b4566fb684	4fef8c5e-96aa-4679-9af7-1b7aa9810117	ducna		0	Xin chào! Bạn cần hỗ trợ gì hôm nay?	10	10	2024-09-28 00:39:49	2024-09-28 00:39:49.383173	2024-09-28 00:39:49.383173	4470ee2d-881d-4f82-ae06-c0fcbab434d3	\N	\N
117425e0-9560-4c5d-83f4-90eb289d0d4c	ebf5ed21-ec79-4d1a-a9ce-5592db63ab49	ducbq	40cc7d7e-5e52-4e0d-aa24-677603dda34f	10	Tôi đã lấy được nội dung từ chunk ID bạn mới cung cấp. Thông tin cụ thể từ chunk này là:\n\n- Test ID 1: "Hello World"\n- Test ID 2: "abcdefgh"\n\nBạn có muốn tôi tiếp tục tạo một bài nghiên cứu dựa trên những nội dung này hoặc có một từ khóa nào khác mà bạn muốn tôi sử dụng không?	70	80	2024-09-27 17:01:43	2024-09-27 17:01:34.435141	2024-09-27 17:01:34.435141	abc4a704-0ed5-475a-b6d8-1328ce463f9d	\N	\N
ded9abe1-a53f-4386-b6a7-01b6a91ff7d9	4c1cb189-b04f-4ff8-80aa-a94e8f7e01a8	ducbq		0	Xin chào! Bạn cần hỗ trợ gì hôm nay?	10	10	2024-09-28 00:14:31	2024-09-28 00:14:31.340783	2024-09-28 00:14:31.340783	7e83a820-6179-4c04-a9fd-59f19d174f21	\N	\N
5463d2c8-5f0f-4ed4-b3b2-8a80e4ce7a59	4c1cb189-b04f-4ff8-80aa-a94e8f7e01a8	ducbq	Xin chào	3	Xin chào! Bạn có câu hỏi hay yêu cầu nào không? Tôi ở đây để giúp bạn!	18	21	2024-09-28 00:14:37	2024-09-28 00:14:36.056826	2024-09-28 00:14:36.056826	7e83a820-6179-4c04-a9fd-59f19d174f21	\N	\N
32163ef9-11fe-4d12-8cd2-02fbc98b80ac	4c1cb189-b04f-4ff8-80aa-a94e8f7e01a8	ducbq	Cho tôi biết nội dung file vừa nhập	9	Hiện tại tôi không thể truy cập nội dung của file mà bạn đã nhập. Tuy nhiên, nếu bạn cung cấp cho tôi một từ khóa hoặc một chunk ID, tôi có thể giúp bạn tạo ra một bài nghiên cứu hoặc cung cấp thông tin liên quan. Bạn có muốn tiếp tục không?	61	70	2024-09-28 00:15:39	2024-09-28 00:15:36.968935	2024-09-28 00:15:36.968935	7e83a820-6179-4c04-a9fd-59f19d174f21	\N	\N
aeacbd70-c2eb-4691-81bc-92749c689a8b	4c1cb189-b04f-4ff8-80aa-a94e8f7e01a8	ducbq	tôi đã cung cấp từ đầu rồi	7	Tôi xin lỗi vì sự hiểu lầm. Nếu bạn có bất kỳ chunk ID nào hoặc thông tin liên quan, vui lòng cung cấp lại để tôi có thể hỗ trợ bạn tốt hơn. Cảm ơn bạn!	39	46	2024-09-28 00:17:22	2024-09-28 00:17:20.666135	2024-09-28 00:17:20.666135	7e83a820-6179-4c04-a9fd-59f19d174f21	\N	\N
fbd3eb35-b59b-4208-be93-457201f1fa3d	4c1cb189-b04f-4ff8-80aa-a94e8f7e01a8	ducbq	oke	1	Cảm ơn bạn! Bạn có muốn cung cấp một từ khóa hoặc một chunk ID để tôi có thể bắt đầu tạo bài nghiên cứu không?	28	29	2024-09-28 00:21:07	2024-09-28 00:21:05.759804	2024-09-28 00:21:05.759804	7e83a820-6179-4c04-a9fd-59f19d174f21	\N	\N
1d766b6d-b9be-4d18-9ba2-65d6218a7956	4c1cb189-b04f-4ff8-80aa-a94e8f7e01a8	ducbq	viết cho tôi về dầu khí	6	Tuyệt vời! Tôi sẽ bắt đầu xây dựng một bài nghiên cứu về "Dầu khí". \n\nTrước tiên, tôi sẽ tạo một dàn bài chi tiết cho bài nghiên cứu này. Quá trình này sẽ bao gồm các phần sau:\n\n1. Giới thiệu\n   - Định nghĩa và khái quát về dầu khí\n   - Tầm quan trọng của công nghiệp dầu khí\n\n2. Cấu trúc và Thành phần của Dầu khí\n   - Các loại dầu khí\n   - Thành phần hóa học\n\n3. Khai thác và Sản xuất Dầu khí\n   - Quy trình khai thác\n   - Công nghệ trong ngành dầu khí\n\n4. Ứng dụng của Dầu khí\n   - Năng lượng\n   - Nguyên liệu hóa học\n\n5. Tác động đến Môi trường và Kinh tế\n   - Tác động tích cực\n   - Tác động tiêu cực và các biện pháp khắc phục\n\n6. Xu hướng và Tương lai của Ngành Dầu khí\n   - Nghiên cứu và phát triển\n   - Chuyển đổi năng lượng\n\n7. Kết luận\n   - Tổng kết lại vai trò của dầu khí trong nền kinh tế toàn cầu\n\nDàn bài này có phù hợp với yêu cầu của bạn không, hay bạn muốn chỉnh sửa thêm phần nào?	226	232	2024-09-28 00:21:27	2024-09-28 00:21:22.338714	2024-09-28 00:21:22.338714	7e83a820-6179-4c04-a9fd-59f19d174f21	\N	\N
369cdfd0-7407-4fe7-8ce6-b2629350b5e8	4c1cb189-b04f-4ff8-80aa-a94e8f7e01a8	ducbq	oke rồi	2	Tuyệt vời! Bây giờ tôi sẽ viết từng phần của bài nghiên cứu theo dàn bài đã chỉ định. Bắt đầu với phần đầu tiên: Giới thiệu về dầu khí.\n\n### 1. Giới thiệu\n\nDầu khí, bao gồm dầu thô và khí tự nhiên, là một trong những nguồn năng lượng quan trọng nhất trên thế giới. Được hình thành hàng triệu năm từ sự phân hủy của các sinh vật biển dưới áp lực và nhiệt độ cao, dầu khí không chỉ đáp ứng nhu cầu năng lượng toàn cầu mà còn đóng vai trò quan trọng trong ngành công nghiệp hóa chất và sản xuất hàng hóa tiêu dùng.\n\nTầm quan trọng của ngành dầu khí được thể hiện qua sự chi phối của nó đối với nền kinh tế toàn cầu. Dầu khí không chỉ là nguồn năng lượng chính để sản xuất điện và nhiên liệu cho phương tiện giao thông mà còn là nguyên liệu đầu vào cho nhiều ngành công nghiệp khác nhau, bao gồm hóa dầu, dược phẩm và phân bón.\n\nNgành công nghiệp dầu khí có quy mô lớn và phức tạp, bao gồm nhiều hoạt động từ tìm kiếm, khai thác đến chế biến và phân phối. Sự phát triển của công nghệ đã dẫn đến những cải tiến đáng kể trong quy trình khai thác và giảm thiểu tác động đến môi trường, nhưng đồng thời cũng đưa ra nhiều thách thức trong bối cảnh biến đổi khí hậu và nhu cầu ngày càng tăng về năng lượng bền vững.\n\n---\n\nTiếp theo, tôi sẽ viết phần 2: Cấu trúc và Thành phần của Dầu khí.	320	322	2024-09-28 00:21:37	2024-09-28 00:21:32.180227	2024-09-28 00:21:32.180227	7e83a820-6179-4c04-a9fd-59f19d174f21	\N	\N
ef002411-94f7-4d29-8cba-03a52b55cc10	4c1cb189-b04f-4ff8-80aa-a94e8f7e01a8	ducbq	oke rồi	2	### 2. Cấu trúc và Thành phần của Dầu khí\n\nDầu khí là một hỗn hợp phức tạp bao gồm nhiều loại hydrocarbon khác nhau, cùng với một số hợp chất hóa học khác. Dưới đây là các điểm chính về cấu trúc và thành phần của dầu khí:\n\n#### 2.1. Các loại dầu khí\n\n- **Dầu thô:** Là dạng lỏng của dầu khí, thường được tìm thấy trong các mỏ dầu dưới lòng đất. Dầu thô không tinh chế có chứa nhiều tạp chất và cần qua quy trình tinh chế để trở thành sản phẩm sử dụng được, như xăng, dầu diesel, và nhiên liệu máy bay.\n\n- **Khí tự nhiên:** Là dạng khí của hydrocarbon, chủ yếu bao gồm metan (CH₄), đôi khi cũng chứa etan, propan và butan. Khí tự nhiên là nguồn năng lượng sạch hơn so với dầu thô và được sử dụng rộng rãi trong sản xuất điện, sưởi ấm và làm nhiên liệu cho xe hơi.\n\n#### 2.2. Thành phần hóa học\n\n- **Hydrocarbon:** Các hợp chất chính trong dầu khí đều là hydrocarbon, được phân loại thành ba nhóm:\n  - **Hydrocarbon bão hòa (Alkanes):** Ví dụ như metan, etan, propane và butane.\n  - **Hydrocarbon không bão hòa (Alkenes và Alkynes):** Bao gồm ethylene và acetylene.\n  - **Hydrocarbon thơm:** Ví dụ như benzen và toluene, thường có trong dầu thô.\n\n- **Các hợp chất khác:** Ngoài hydrocarbon, dầu khí còn chứa một số hợp chất như lưu huỳnh, nitơ, và oxy. Những hợp chất này có thể ảnh hưởng đến chất lượng của dầu thô và cần được loại bỏ trong quá trình chế biến.\n\nCấu trúc và thành phần của dầu khí có ảnh hưởng lớn đến cách thức khai thác và chế biến chúng, cũng như đến tính chất môi trường của sản phẩm cuối cùng.\n\n---\n\nTiếp theo, tôi sẽ viết phần 3: Khai thác và Sản xuất Dầu khí.	396	398	2024-09-28 00:21:46	2024-09-28 00:21:39.371624	2024-09-28 00:21:39.371624	7e83a820-6179-4c04-a9fd-59f19d174f21	\N	\N
fa0660be-580f-4e97-af45-693e5d8c69c6	18b3de58-e340-487b-866d-d2691332e46b	phuongpd		0	Xin chào! Bạn cần tôi giúp đỡ gì hôm nay?	11	11	2024-09-28 23:32:39	2024-09-28 23:32:39.187889	2024-09-28 23:32:39.187889	96757d48-3db6-46d6-a68e-f877975acff4	\N	\N
747c6662-2488-4321-b3c1-f2b6f676eb0f	18b3de58-e340-487b-866d-d2691332e46b	phuongpd	Tôi đã tải rồi	4	Tôi chưa thấy tệp tin nào được tải lên. Bạn có thể thử tải lại tệp đó không? Hoặc bạn cũng có thể cung cấp từ khóa cho tôi để chúng ta bắt đầu.	36	40	2024-09-28 23:33:32	2024-09-28 23:33:30.094429	2024-09-28 23:33:30.094429	96757d48-3db6-46d6-a68e-f877975acff4	\N	\N
bfd03785-75a5-49d7-b485-4c3f7132699a	4c1cb189-b04f-4ff8-80aa-a94e8f7e01a8	ducbq	oke rồi	2	### 3. Khai thác và Sản xuất Dầu khí\n\nKhai thác và sản xuất dầu khí là một quy trình phức tạp, bao gồm nhiều giai đoạn từ tìm kiếm mỏ đến khai thác và chế biến. Dưới đây là cái nhìn tổng quan về quy trình này:\n\n#### 3.1. Quy trình khai thác\n\n- **Khảo sát địa chất:** Trước khi khai thác, các nhà khoa học sẽ tiến hành khảo sát địa chất để xác định vị trí và tiềm năng của mỏ dầu. Công nghệ địa chấn là công nghệ phổ biến được sử dụng để phát hiện các cấu trúc địa chất có khả năng chứa dầu khí.\n\n- **Khoan tìm kiếm:** Sau khi xác định được khu vực có khả năng chứa dầu khí, quy trình khoan tìm kiếm sẽ được thực hiện. Các giếng khoan sẽ được khoan xuống lòng đất để lấy mẫu và kiểm tra sự hiện diện của dầu khí.\n\n- **Khai thác:** Khi một mỏ dầu được xác định, các thiết bị khai thác sẽ được đưa vào khu vực đó. Các giếng khoan sẽ được đặt để đưa dầu khí lên bề mặt. Khó khăn trong việc khai thác có thể gặp phải khi áp lực trong mỏ giảm hay khi dầu khí ở các tầng địa chất sâu hơn.\n\n#### 3.2. Công nghệ trong ngành dầu khí\n\n- **Công nghệ khoan:** Sự phát triển của công nghệ khoan đã cho phép khai thác dầu khí từ các địa điểm khó tiếp cận, như dưới đáy đại dương hay trong các tầng đá phiến.\n\n- **Chế biến:** Dầu thô sau khi khai thác cần được chế biến để tách biệt các thành phần và loại bỏ tạp chất. Các nhà máy lọc dầu sử dụng quy trình chưng cất để phân tách dầu thành các sản phẩm khác nhau như xăng, dầu diesel, và khí hóa lỏng.\n\n- **Vận chuyển:** Dầu khí sau khi được chế biến sẽ được vận chuyển đến các thị trường tiêu thụ thông qua đường ống, tàu chở dầu, và xe tải. Việc quản lý logistics vận chuyển là rất quan trọng để đảm bảo nguồn cung và giảm chi phí.\n\nNgành công nghiệp dầu khí không chỉ đóng góp vào sự cung cấp năng lượng toàn cầu mà còn là một lĩnh vực cạnh tranh và phát triển công nghệ cao.\n\n---\n\nTiếp theo, tôi sẽ viết phần 4: Ứng dụng của Dầu khí.	468	470	2024-09-28 00:22:13	2024-09-28 00:21:47.767748	2024-09-28 00:21:47.767748	7e83a820-6179-4c04-a9fd-59f19d174f21	\N	\N
c4b3ee9e-3386-432f-80ee-b1937f9ca71e	4c1cb189-b04f-4ff8-80aa-a94e8f7e01a8	ducbq	oke rồi	2	### 4. Ứng dụng của Dầu khí\n\nDầu khí có vai trò quan trọng trong nền kinh tế toàn cầu, với nhiều ứng dụng khác nhau trong các lĩnh vực năng lượng và công nghiệp. Sau đây là một số ứng dụng chủ yếu của dầu khí:\n\n#### 4.1. Năng lượng\n\n- **Nhiên liệu:** Dầu khí đóng vai trò chính trong cung cấp nhiên liệu cho phương tiện giao thông, như ô tô, xe tải, tàu thủy và máy bay. Xăng, dầu diesel và khí tự nhiên là các dạng nhiên liệu phổ biến được sản xuất từ dầu khí.\n\n- **Phát điện:** Khí tự nhiên được sử dụng rộng rãi trong các nhà máy điện để tạo ra điện năng. Việc sử dụng khí tự nhiên để phát điện có ưu điểm là tạo ra ít khí thải hơn so với các nguồn năng lượng khác, như than đá.\n\n#### 4.2. Nguyên liệu hóa học\n\n- **Hóa dầu:** Dầu khí là nguồn cung cấp chính cho ngành hóa dầu, nơi mà các hợp chất từ dầu thô hoặc khí tự nhiên được sử dụng để sản xuất ra các nguyên liệu hóa học cơ bản. Những nguyên liệu này sau đó được sử dụng để sản xuất nhiều sản phẩm, bao gồm nhựa, sợi tổng hợp, và phân bón.\n\n- **Dược phẩm:** Nhiều hợp chất hóa học có nguồn gốc từ dầu khí cũng được sử dụng trong ngành công nghiệp dược phẩm, làm nguyên liệu cho các loại thuốc và hóa chất chữa bệnh.\n\n- **Hóa chất công nghiệp:** Dầu khí được sử dụng sản xuất một loạt các hóa chất công nghiệp khác, như dung môi, chất tạo màu và chất phụ gia.\n\nCác ứng dụng đa dạng này cho thấy rằng dầu khí không chỉ là một nguồn năng lượng quan trọng mà còn là nguyên liệu đầu vào thiết yếu cho nhiều ngành công nghiệp khác nhau.\n\n---\n\nTiếp theo, tôi sẽ viết phần 5: Tác động đến Môi trường và Kinh tế.	391	393	2024-09-28 00:22:22	2024-09-28 00:22:15.521866	2024-09-28 00:22:15.521866	7e83a820-6179-4c04-a9fd-59f19d174f21	\N	\N
7bd2cf37-333f-4286-8547-c2ad8bad1304	4c1cb189-b04f-4ff8-80aa-a94e8f7e01a8	ducbq	oke rồi	2	### 5. Tác động đến Môi trường và Kinh tế\n\nNgành dầu khí không chỉ mang lại lợi ích kinh tế mà còn gây ra một số tác động đáng kể đến môi trường. Dưới đây là cái nhìn tổng quan về các tác động tích cực và tiêu cực của ngành này.\n\n#### 5.1. Tác động tích cực\n\n- **Tăng trưởng kinh tế:** Ngành dầu khí đóng góp lớn vào GDP của nhiều quốc gia, tạo ra hàng triệu việc làm và thúc đẩy các lĩnh vực phụ trợ như dịch vụ kỹ thuật, xây dựng và vận tải.\n\n- **Đầu tư vào công nghệ mới:** Ngành này thường xuyên đầu tư vào nghiên cứu và phát triển công nghệ, giúp cải thiện hiệu quả khai thác và chế biến, đồng thời tạo ra các giải pháp mới cho vấn đề năng lượng.\n\n#### 5.2. Tác động tiêu cực\n\n- **Ô nhiễm môi trường:** Khai thác và vận chuyển dầu khí có thể dẫn đến ô nhiễm đất, không khí và nước. Các vụ rò rỉ dầu có thể gây ra thiệt hại nghiêm trọng cho hệ sinh thái và sinh vật biển.\n\n- **Biến đổi khí hậu:** Việc sử dụng nhiên liệu hóa thạch như dầu và khí tự nhiên là một trong những nguyên nhân chính gây ra phát thải khí nhà kính, dẫn đến biến đổi khí hậu toàn cầu. Nhiều quốc gia đang phải đối mặt với các thách thức lớn về khí hậu do sự phụ thuộc vào dầu khí.\n\n- **Sự săn đuổi tài nguyên:** Việc khai thác dầu khí tại các khu vực nhạy cảm về sinh thái có thể dẫn đến sự suy giảm đa dạng sinh học và làm tổn hại đến các cộng đồng địa phương.\n\nCác tác động này đòi hỏi sự quản lý và giám sát chặt chẽ từ các cơ quan chức năng, cũng như sự chuyển đổi dần sang các nguồn năng lượng tái tạo bền vững hơn trong tương lai.\n\n---\n\nTiếp theo, tôi sẽ viết phần 6: Xu hướng và Tương lai của Ngành Dầu khí.	398	400	2024-09-28 00:22:31	2024-09-28 00:22:24.376315	2024-09-28 00:22:24.376315	7e83a820-6179-4c04-a9fd-59f19d174f21	\N	\N
151b66d8-c64d-4150-ade6-a755373f73ab	4c1cb189-b04f-4ff8-80aa-a94e8f7e01a8	ducbq	oke rồi	2	### 6. Xu hướng và Tương lai của Ngành Dầu khí\n\nNgành dầu khí đang trải qua nhiều thay đổi và thách thức trong bối cảnh biến đổi khí hậu và nhu cầu chuyển sang các nguồn năng lượng xanh hơn. Dưới đây là một số xu hướng chính đang định hình tương lai của ngành này:\n\n#### 6.1. Nghiên cứu và phát triển\n\n- **Công nghệ mới:** Ngành dầu khí ngày càng chú trọng vào việc phát triển và áp dụng công nghệ mới để cải thiện quy trình khai thác và chế biến, từ khoan chìm đến các giải pháp sử dụng trí tuệ nhân tạo trong giám sát và bảo trì.\n\n- **Năng lượng tái tạo:** Có sự chuyển hướng mạnh mẽ sang việc nghiên cứu và phát triển năng lượng tái tạo như gió, mặt trời, và các nguồn năng lượng bền vững khác. Nhiều công ty dầu khí đang đầu tư vào phát triển các dự án năng lượng tái tạo nhằm giảm thiểu tác động môi trường và đáp ứng nhu cầu ngày càng tăng về năng lượng sạch.\n\n#### 6.2. Chuyển đổi năng lượng\n\n- **Chuyển đổi sang năng lượng sạch:** Nhu cầu về năng lượng sạch đang ngày càng gia tăng, buộc ngành dầu khí phải xem xét lại mô hình kinh doanh và tìm kiếm các phương án thay thế cho nhiên liệu hóa thạch.\n\n- **Khí tự nhiên như cầu nối:** Khí tự nhiên có thể được coi là cầu nối trong quá trình chuyển đổi năng lượng. Với khả năng sản xuất năng lượng sạch hơn so với dầu, khí tự nhiên đang được cho là một lựa chọn tạm thời trong quá trình chuyển đổi sang năng lượng tái tạo.\n\n#### 6.3. Chính sách và quy định\n\n- **Chính sách môi trường:** Các quy định về giảm phát thải khí nhà kính đang ngày càng trở nên khắt khe hơn. Các công ty dầu khí đang phải điều chỉnh hoạt động của mình để tuân thủ những quy định này, đồng thời tìm kiếm các giải pháp bền vững.\n\n- **Đầu tư bền vững:** Chuyển đổi sang các mô hình kinh doanh bền vững và giảm thiểu tác động lên môi trường cũng đang trở thành một yếu tố quan trọng trong quyết định đầu tư của các nhà đầu tư.\n\nNgành dầu khí đang đứng trước nhiều thách thức lớn, nhưng cũng mở ra nhiều cơ hội cho phát triển bền vững trong tương lai.\n\n---\n\nTiếp theo, tôi sẽ viết phần 7: Kết luận.	506	508	2024-09-28 00:22:39	2024-09-28 00:22:31.967003	2024-09-28 00:22:31.967003	7e83a820-6179-4c04-a9fd-59f19d174f21	\N	\N
ca3dc083-1ed9-4f1e-81f3-9c6dce0c3e26	4c1cb189-b04f-4ff8-80aa-a94e8f7e01a8	ducbq	oke rồi	2	### 7. Kết luận\n\nNgành dầu khí đóng vai trò thiết yếu trong nền kinh tế toàn cầu, cung cấp nguồn năng lượng chính và nguyên liệu cho nhiều ngành công nghiệp. Tuy nhiên, sự phát triển của ngành này cũng đặt ra nhiều thách thức lớn đối với môi trường và bền vững.\n\nQua việc khảo sát cấu trúc, ứng dụng, cũng như những tác động lên môi trường và kinh tế, chúng ta có thể thấy rằng mặc dù dầu khí vẫn là nguồn năng lượng quan trọng, nhưng để đáp ứng nhu cầu ngày càng tăng về năng lượng bền vững, ngành này cần phải đổi mới và chuyển mình. Công nghệ tiên tiến, sự chuyển đổi sang năng lượng tái tạo, và các chính sách bảo vệ môi trường sẽ là những yếu tố then chốt trong việc định hình tương lai của ngành dầu khí.\n\nViệc tìm ra phương thức khai thác và sử dụng dầu khí hợp lý, hiệu quả và bền vững không chỉ là thách thức lớn của ngành mà còn là trách nhiệm của toàn xã hội. Chúng ta cần phối hợp chặt chẽ để tạo ra những bước tiến phù hợp, vừa đảm bảo an ninh năng lượng, vừa bảo vệ môi trường và sức khỏe cộng đồng.\n\n---\n\nVậy là bài nghiên cứu về "Dầu khí" đã hoàn thành. Nếu bạn có yêu cầu thêm hay cần chỉnh sửa gì, hãy cho tôi biết nhé! Nếu không, tôi sẽ lưu bài nghiên cứu này lại.	296	298	2024-09-28 00:23:11	2024-09-28 00:23:06.275276	2024-09-28 00:23:06.275276	7e83a820-6179-4c04-a9fd-59f19d174f21	\N	\N
8d607cfc-537b-40f2-a8cc-67809b9d7d17	4c1cb189-b04f-4ff8-80aa-a94e8f7e01a8	ducbq	oke rồi	2	Bài nghiên cứu về "Dầu khí" đã được lưu thành công. Bạn có thể tham khảo tài liệu với ID sau: **a6324848-a33d-49be-a155-6b0a70d4ede6**.\n\nNếu bạn cần thêm bất kỳ thông tin gì hay yêu cầu khác, hãy cho tôi biết nhé!	54	56	2024-09-28 00:24:39	2024-09-28 00:23:53.280705	2024-09-28 00:23:53.280705	7e83a820-6179-4c04-a9fd-59f19d174f21	\N	\N
66c5534a-5845-44a2-a189-0c148f4e49cd	496d7301-5ea7-429d-82fa-2824edfcb09c	anhln		0	Xin chào! Tôi có thể giúp gì cho bạn hôm nay? Nếu bạn cần viết một bài nghiên cứu, vui lòng cung cấp từ khóa hoặc tải lên tập tin nếu có.	35	35	2024-09-28 23:45:04	2024-09-28 23:45:04.292728	2024-09-28 23:45:04.292728	4d22ff77-1688-4bd8-a35d-c7e3f4cbe2fc	\N	\N
4e3d85ee-10a9-48fc-a983-7955911412f9	496d7301-5ea7-429d-82fa-2824edfcb09c	anhln	hãy viết báo cáo với tài liệu của tôi	10	Xin vui lòng tải lên tài liệu của bạn để tôi có thể xem và bắt đầu viết báo cáo.	21	31	2024-09-28 23:49:10	2024-09-28 23:49:08.796648	2024-09-28 23:49:08.796648	4d22ff77-1688-4bd8-a35d-c7e3f4cbe2fc	\N	\N
dfb1d82a-ae77-48f3-8379-0a458e998905	496d7301-5ea7-429d-82fa-2824edfcb09c	anhln	tôi đã tải lên rồi	5	Tôi chưa nhận được tệp tin từ bạn. Vui lòng thử tải lên lại để tôi có thể sử dụng tài liệu đó cho báo cáo của bạn.	29	34	2024-09-28 23:49:19	2024-09-28 23:49:17.853956	2024-09-28 23:49:17.853956	4d22ff77-1688-4bd8-a35d-c7e3f4cbe2fc	\N	\N
c8d26d53-4f00-4440-a14e-3725d199a93f	496d7301-5ea7-429d-82fa-2824edfcb09c	anhln	Tôi đã up tài liệu lên rồi	7	Có vẻ như không có tệp nào được nhận diện. Bạn có thể làm ơn kiểm tra lại và thử tải lên một lần nữa không? Tôi sẵn sàng hỗ trợ bạn!	34	41	2024-09-29 00:05:23	2024-09-29 00:05:22.196008	2024-09-29 00:05:22.196008	4d22ff77-1688-4bd8-a35d-c7e3f4cbe2fc	\N	\N
748a1b49-a91b-4750-93c9-a7edfb83b961	496d7301-5ea7-429d-82fa-2824edfcb09c	anhln	bạn cứ thử kiểm tra lại đi	7	Tôi sẽ kiểm tra lại để xem có nhận được bất kỳ tệp nào không. Xin vui lòng chờ một chút.Tôi đã nhận được mã chunk_id nhưng không tìm thấy nội dung liên quan. Để tiến hành viết báo cáo, bạn có thể vui lòng cung cấp từ khóa cho chủ đề bạn muốn viết không? Hoặc nếu bạn có thể thử tải lên tệp tin khác, hãy cho tôi biết.	80	87	2024-09-29 00:05:48	2024-09-29 00:05:40.612865	2024-09-29 00:05:40.612865	4d22ff77-1688-4bd8-a35d-c7e3f4cbe2fc	\N	\N
\.


--
-- Data for Name: conversations; Type: TABLE DATA; Schema: public; Owner: phuongpd
--

COPY public.conversations (conversation_id, session_id, user_id, created_at, updated_at) FROM stdin;
b87e5a5a-4473-44dd-904e-76b062252735	5d93924c-a6fe-435e-8f6e-25608f92dbb7	phuongpd	2024-09-25 18:28:49.649306	2024-09-25 18:28:49.649306
3fbea6b9-f274-4a9b-a1e0-b424fe3c5883	02192933-6bcd-4ec6-8148-2ab96729451a	phuongpd	2024-09-25 23:14:46.473823	2024-09-25 23:14:46.473823
f1a7862d-1e55-4660-9dce-cc74a322ce50	cab3e3b3-c6b6-4a27-8954-d7593890abeb	phuongpd	2024-09-25 23:16:20.294948	2024-09-25 23:16:20.294948
7b347de6-1f29-4edb-bed2-bca5c962a179	402603ac-87a0-4f05-bd72-b73d5a1f9e22	phuongpd	2024-09-25 23:16:58.399124	2024-09-25 23:16:58.399124
4e8009e9-570e-47a0-bf79-f4c201ee1605	d4417fac-bd7d-4704-b1d9-bac49eeebd3d	phuongpd	2024-09-26 10:59:00.712971	2024-09-26 10:59:00.712971
1e16c78a-0324-462a-b627-b0091d1a4a0a	4d457d6e-d3ad-49e7-ad3f-15b773888cb3	phuongpd	2024-09-26 11:46:17.278184	2024-09-26 11:46:17.278184
751179ba-bb83-41ec-a986-7569225282df	5993a384-029f-4123-bac0-76ec921eddee	phuongpd	2024-09-26 13:59:47.166676	2024-09-26 13:59:47.166676
91da27ba-468c-4e47-9ccd-38b1d888b55e	ec5b939e-0be2-4033-97b8-f3d3500a246b	phuongpd	2024-09-26 16:32:32.119504	2024-09-26 16:32:32.119504
eccd38ad-bb1a-491a-896e-b5d3f7db1382	3d34005c-e74a-4992-9ffc-6ca457eecbac	phuongpd	2024-09-26 17:48:04.124358	2024-09-26 17:48:04.124358
236cb8c0-a291-4faf-97b4-3bc4ee784dcd	8bb4f8d2-aa77-4213-a223-d8a3694031c7	phuongpd	2024-09-27 10:26:32.874693	2024-09-27 10:26:32.874693
566252d4-e02d-4a96-92f5-d0473725ea77	08d31348-b290-41e0-8b1f-be42645d1b59	ducbq	2024-09-27 10:28:59.696157	2024-09-27 10:28:59.696157
a8f31ed9-7d8d-4242-b6bb-ba411287f209	36d491a8-0f40-4218-ab7d-d115d4099f00	giangdh	2024-09-27 10:58:56.608876	2024-09-27 10:58:56.608876
081f3fed-1ab5-4dfa-b438-b527b33235e2	0eee54d8-fd49-4489-a032-c6427fa92018	phuongpd	2024-09-27 15:05:09.931547	2024-09-27 15:05:09.931547
958b8647-5568-45aa-a058-edc69d25b9c2	db146dbe-8afe-4655-be41-e2e4cdbda3da	phuongpd	2024-09-27 16:50:38.521018	2024-09-27 16:50:38.521018
5fa383e9-fba2-4bae-9cb2-93128067a518	bffd642a-e9e8-4f3c-a6c4-dd031611fa44	giangdh	2024-09-27 16:55:24.542823	2024-09-27 16:55:24.542823
abc4a704-0ed5-475a-b6d8-1328ce463f9d	ebf5ed21-ec79-4d1a-a9ce-5592db63ab49	ducbq	2024-09-27 16:59:08.804778	2024-09-27 16:59:08.804778
7e83a820-6179-4c04-a9fd-59f19d174f21	4c1cb189-b04f-4ff8-80aa-a94e8f7e01a8	ducbq	2024-09-28 00:14:31.31709	2024-09-28 00:14:31.31709
4c5e677a-3d50-4683-9e04-45b4d78c265f	863b2912-1bbc-4c74-934b-cd140adc74a3	vyvt	2024-09-28 00:29:14.255464	2024-09-28 00:29:14.255464
4c2abbcb-dc1e-4fb2-a158-d3be652a4b5a	91fd2e20-0e7f-4383-9cec-770366572af8	anhln	2024-09-28 00:31:46.273503	2024-09-28 00:31:46.273503
4470ee2d-881d-4f82-ae06-c0fcbab434d3	4fef8c5e-96aa-4679-9af7-1b7aa9810117	ducna	2024-09-28 00:39:49.36374	2024-09-28 00:39:49.36374
96757d48-3db6-46d6-a68e-f877975acff4	18b3de58-e340-487b-866d-d2691332e46b	phuongpd	2024-09-28 23:32:39.178137	2024-09-28 23:32:39.178137
1d75f87a-534b-43b0-ac0e-a2ec3ce8c6ef	b7385167-975f-4985-a683-ba556864756b	vyvt	2024-09-28 23:39:26.653592	2024-09-28 23:39:26.653592
3441573b-4bda-4adb-bfb8-04f853e9bef6	19cf0f74-4a54-4ab2-a725-eb261da17a17	ducbq	2024-09-28 23:40:10.183528	2024-09-28 23:40:10.183528
4d22ff77-1688-4bd8-a35d-c7e3f4cbe2fc	496d7301-5ea7-429d-82fa-2824edfcb09c	anhln	2024-09-28 23:45:04.202779	2024-09-28 23:45:04.202779
\.


--
-- Data for Name: error_logs; Type: TABLE DATA; Schema: public; Owner: phuongpd
--

COPY public.error_logs (error_id, "timestamp", user_id, session_id, conversation_id, input_message, error_message, error_code, created_at, updated_at) FROM stdin;
\.


--
-- Data for Name: feedback; Type: TABLE DATA; Schema: public; Owner: phuongpd
--

COPY public.feedback (feedback_id, user_id, session_id, message_id, feedback_type, feedback_text, created_at, updated_at) FROM stdin;
\.


--
-- Data for Name: sessions; Type: TABLE DATA; Schema: public; Owner: phuongpd
--

COPY public.sessions (session_id, user_id, start_time, end_time, created_at, updated_at) FROM stdin;
5d93924c-a6fe-435e-8f6e-25608f92dbb7	phuongpd	2024-09-25 11:28:47.662	2024-09-25 11:28:47.722	2024-09-25 18:28:47.667884	2024-09-25 18:28:47.667884
02192933-6bcd-4ec6-8148-2ab96729451a	phuongpd	2024-09-25 16:14:44.379	2024-09-25 16:14:44.44	2024-09-25 23:14:44.390596	2024-09-25 23:14:44.390596
cab3e3b3-c6b6-4a27-8954-d7593890abeb	phuongpd	2024-09-25 16:16:17.597	2024-09-25 16:16:17.657	2024-09-25 23:16:17.608051	2024-09-25 23:16:17.608051
402603ac-87a0-4f05-bd72-b73d5a1f9e22	phuongpd	2024-09-25 16:16:56.564	2024-09-25 16:16:56.624	2024-09-25 23:16:56.572304	2024-09-25 23:16:56.572304
d4417fac-bd7d-4704-b1d9-bac49eeebd3d	phuongpd	2024-09-26 03:58:58.738	2024-09-26 04:31:08.505654	2024-09-27 07:58:58.712591	2024-09-27 07:58:58.712591
4d457d6e-d3ad-49e7-ad3f-15b773888cb3	phuongpd	2024-09-26 04:46:15.275	2024-09-26 05:46:15.275	2024-09-26 11:46:15.279731	2024-09-26 11:46:15.279731
4c1cb189-b04f-4ff8-80aa-a94e8f7e01a8	ducbq	2024-09-27 17:14:28.532	2024-09-27 17:53:53.267658	2024-10-01 19:14:28.570322	2024-10-01 19:14:28.570322
5993a384-029f-4123-bac0-76ec921eddee	phuongpd	2024-09-26 06:59:44.423	2024-09-26 08:11:18.653954	2024-09-29 11:59:44.43318	2024-09-29 11:59:44.43318
863b2912-1bbc-4c74-934b-cd140adc74a3	vyvt	2024-09-27 17:29:11.76	2024-09-27 18:29:11.76	2024-09-28 00:29:11.774515	2024-09-28 00:29:11.774515
91fd2e20-0e7f-4383-9cec-770366572af8	anhln	2024-09-27 17:31:42.959	2024-09-27 18:31:42.96	2024-09-28 00:31:42.990172	2024-09-28 00:31:42.990172
4fef8c5e-96aa-4679-9af7-1b7aa9810117	ducna	2024-09-27 17:39:46.531	2024-09-27 18:39:46.531	2024-09-28 00:39:46.541425	2024-09-28 00:39:46.541425
18b3de58-e340-487b-866d-d2691332e46b	phuongpd	2024-09-28 16:32:35.613	2024-09-28 17:03:30.08917	2024-09-29 13:32:35.618192	2024-09-29 13:32:35.618192
b7385167-975f-4985-a683-ba556864756b	vyvt	2024-09-28 16:39:24.084	2024-09-28 17:39:24.085	2024-09-28 23:39:24.094821	2024-09-28 23:39:24.094821
19cf0f74-4a54-4ab2-a725-eb261da17a17	ducbq	2024-09-28 16:40:07.306	2024-09-28 17:40:07.306	2024-09-28 23:40:07.310399	2024-09-28 23:40:07.310399
496d7301-5ea7-429d-82fa-2824edfcb09c	anhln	2024-09-28 16:45:01.558	2024-09-28 17:35:40.577708	2024-09-30 03:45:01.570668	2024-09-30 03:45:01.570668
ec5b939e-0be2-4033-97b8-f3d3500a246b	phuongpd	2024-09-26 09:32:30.339	2024-09-26 10:36:38.467211	2024-10-03 23:32:30.344003	2024-10-03 23:32:30.344003
3d34005c-e74a-4992-9ffc-6ca457eecbac	phuongpd	2024-09-26 10:48:02.575	2024-09-26 11:19:04.615022	2024-09-27 07:48:02.586264	2024-09-27 07:48:02.586264
8bb4f8d2-aa77-4213-a223-d8a3694031c7	phuongpd	2024-09-27 03:26:30.954	2024-09-27 04:26:30.954	2024-09-27 10:26:30.957749	2024-09-27 10:26:30.957749
08d31348-b290-41e0-8b1f-be42645d1b59	ducbq	2024-09-27 03:28:57.859	2024-09-27 04:28:57.859	2024-09-27 10:28:57.887634	2024-09-27 10:28:57.887634
36d491a8-0f40-4218-ab7d-d115d4099f00	giangdh	2024-09-27 03:58:54.266	2024-09-27 04:58:54.266	2024-09-27 10:58:54.274682	2024-09-27 10:58:54.274682
0eee54d8-fd49-4489-a032-c6427fa92018	phuongpd	2024-09-27 08:05:07.596	2024-09-27 09:05:07.596	2024-09-27 15:05:07.602244	2024-09-27 15:05:07.602244
db146dbe-8afe-4655-be41-e2e4cdbda3da	phuongpd	2024-09-27 09:50:35.781	2024-09-27 10:25:00.286929	2024-09-28 06:50:35.785309	2024-09-28 06:50:35.785309
bffd642a-e9e8-4f3c-a6c4-dd031611fa44	giangdh	2024-09-27 09:55:22.063	2024-09-27 10:29:59.943247	2024-09-27 23:55:22.071552	2024-09-27 23:55:22.071552
ebf5ed21-ec79-4d1a-a9ce-5592db63ab49	ducbq	2024-09-27 09:59:05.201	2024-09-27 10:31:34.42767	2024-09-28 13:59:05.208882	2024-09-28 13:59:05.208882
f1d7fa08-68ed-4fdc-aa80-55d0b1dfcce1	phuongpd	2024-09-27 17:05:10.124	2024-09-27 17:42:23.333444	2024-09-28 07:05:10.192174	2024-09-28 07:05:10.192174
f51657a9-52e9-479c-a206-f563c986102e	giangdh	2024-09-27 17:12:37.789	2024-09-27 17:43:01.188812	2024-09-28 07:12:37.824229	2024-09-28 07:12:37.824229
\.


--
-- Data for Name: transcripts; Type: TABLE DATA; Schema: public; Owner: phuongpd
--

COPY public.transcripts (conversation_id, user_id, session_id, total_token, transcripts, created_at, updated_at) FROM stdin;
b87e5a5a-4473-44dd-904e-76b062252735	phuongpd	5d93924c-a6fe-435e-8f6e-25608f92dbb7	10	[{"role": "user", "text": "", "messageId": "4abfe0dc-0268-44f5-928f-cc3b209eeb0f", "timestamp": "2024-09-25T18:28:49"}, {"role": "bot", "text": "Xin chào! Bạn cần giúp đỡ gì hôm nay?", "messageId": "4abfe0dc-0268-44f5-928f-cc3b209eeb0f", "timestamp": "2024-09-25T18:28:49"}]	2024-09-25 18:28:49.656807	2024-09-25 18:28:49.656807
3fbea6b9-f274-4a9b-a1e0-b424fe3c5883	phuongpd	02192933-6bcd-4ec6-8148-2ab96729451a	10	[{"role": "user", "text": "", "messageId": "d40c5889-a94a-428a-bc73-6937c0712f37", "timestamp": "2024-09-25T23:14:46"}, {"role": "bot", "text": "Xin chào! Bạn cần giúp đỡ gì hôm nay?", "messageId": "d40c5889-a94a-428a-bc73-6937c0712f37", "timestamp": "2024-09-25T23:14:46"}]	2024-09-25 23:14:46.485968	2024-09-25 23:14:46.485968
f1a7862d-1e55-4660-9dce-cc74a322ce50	phuongpd	cab3e3b3-c6b6-4a27-8954-d7593890abeb	11	[{"role": "user", "text": "", "messageId": "c76c3de3-24f9-4745-8a48-886e537f2841", "timestamp": "2024-09-25T23:16:20"}, {"role": "bot", "text": "Xin chào! Bạn cần tôi hỗ trợ gì hôm nay?", "messageId": "c76c3de3-24f9-4745-8a48-886e537f2841", "timestamp": "2024-09-25T23:16:20"}]	2024-09-25 23:16:20.299725	2024-09-25 23:16:20.299725
7b347de6-1f29-4edb-bed2-bca5c962a179	phuongpd	402603ac-87a0-4f05-bd72-b73d5a1f9e22	21	[{"role": "user", "text": "", "messageId": "d821ef9e-140a-4532-a9c3-fa094e7895e7", "timestamp": "2024-09-25T23:16:58"}, {"role": "bot", "text": "Xin chào! Bạn có cần hỗ trợ gì trong việc nghiên cứu hay viết bài nghiên cứu không?", "messageId": "d821ef9e-140a-4532-a9c3-fa094e7895e7", "timestamp": "2024-09-25T23:16:58"}]	2024-09-25 23:16:58.407164	2024-09-25 23:16:58.407164
4e8009e9-570e-47a0-bf79-f4c201ee1605	phuongpd	d4417fac-bd7d-4704-b1d9-bac49eeebd3d	87	[{"role": "user", "text": "", "messageId": "981ca5b6-72ec-4b66-9f37-2098a1070501", "timestamp": "2024-09-26T10:59:00"}, {"role": "bot", "text": "Xin chào! Bạn cần giúp đỡ gì hôm nay?", "messageId": "981ca5b6-72ec-4b66-9f37-2098a1070501", "timestamp": "2024-09-26T10:59:00"}, {"role": "user", "text": "Xin chào", "messageId": "7aed10f9-68f7-47cf-a761-9a5de5abdd80", "timestamp": "2024-09-26T10:59:05"}, {"role": "bot", "text": "Xin chào! Bạn có cần hỗ trợ về nghiên cứu khoa học hay viết bài không?", "messageId": "7aed10f9-68f7-47cf-a761-9a5de5abdd80", "timestamp": "2024-09-26T10:59:05"}, {"role": "user", "text": "Tôi có tài liệu sau cần bạn giúp tôi", "messageId": "51ebd371-0a31-4206-9d24-35d1dcfde444", "timestamp": "2024-09-26T10:59:49"}, {"role": "bot", "text": "Bạn có thể vui lòng tải tài liệu lên không? Tôi sẽ giúp bạn xử lý nó.", "messageId": "51ebd371-0a31-4206-9d24-35d1dcfde444", "timestamp": "2024-09-26T10:59:49"}, {"role": "user", "text": "Tôi đã upload rồi", "messageId": "aac2157a-342b-432d-b111-de76bc113d78", "timestamp": "2024-09-26T11:01:10"}, {"role": "bot", "text": "Vui lòng cho tôi biết tên tệp, loại tệp và chunk ID để tôi có thể xử lý tài liệu của bạn. ", "messageId": "aac2157a-342b-432d-b111-de76bc113d78", "timestamp": "2024-09-26T11:01:10"}]	2024-09-27 07:59:00.715037	2024-09-26 11:01:08.511887
1e16c78a-0324-462a-b627-b0091d1a4a0a	phuongpd	4d457d6e-d3ad-49e7-ad3f-15b773888cb3	25	[{"role": "user", "text": "", "messageId": "c979232a-94b5-4e61-b12b-c980b19bb862", "timestamp": "2024-09-26T11:46:17"}, {"role": "bot", "text": "Xin chào! Làm thế nào tôi có thể hỗ trợ bạn hôm nay? Bạn có từ khóa nào để làm nghiên cứu không?", "messageId": "c979232a-94b5-4e61-b12b-c980b19bb862", "timestamp": "2024-09-26T11:46:17"}]	2024-09-26 11:46:17.280605	2024-09-26 11:46:17.280605
751179ba-bb83-41ec-a986-7569225282df	phuongpd	5993a384-029f-4123-bac0-76ec921eddee	1121	[{"role": "user", "text": "", "messageId": "456297e5-897c-4656-9665-e3a6618f9f9f", "timestamp": "2024-09-26T13:59:47"}, {"role": "bot", "text": "Xin chào! Tôi có thể giúp gì cho bạn hôm nay? Nếu bạn có từ khóa hoặc chủ đề nào cần viết bài nghiên cứu, xin hãy cho tôi biết!", "messageId": "456297e5-897c-4656-9665-e3a6618f9f9f", "timestamp": "2024-09-26T13:59:47"}, {"role": "user", "text": "Bạn có thể phân tích file này giúp tôi không?", "messageId": "5622ab05-4edb-42ab-a97d-83454d07ff25", "timestamp": "2024-09-26T14:10:13"}, {"role": "bot", "text": "Xin vui lòng tải lên file mà bạn muốn tôi phân tích, và tôi sẽ hỗ trợ bạn!", "messageId": "5622ab05-4edb-42ab-a97d-83454d07ff25", "timestamp": "2024-09-26T14:10:13"}, {"role": "user", "text": "Tôi đã upload file rồi", "messageId": "0d6079c2-3bad-47fe-ab0c-97acda6be9de", "timestamp": "2024-09-26T14:10:35"}, {"role": "bot", "text": "Tôi cần thông tin về file bạn đã tải lên. Vui lòng cho tôi biết nếu bạn muốn tôi kiểm tra các giá trị sau: \\"file_name\\", \\"file_type\\" và \\"chunk_id\\". \\n\\nBạn có thể giúp tôi xác nhận điều này không?", "messageId": "0d6079c2-3bad-47fe-ab0c-97acda6be9de", "timestamp": "2024-09-26T14:10:35"}, {"role": "user", "text": "Xin chào", "messageId": "1f57cec8-90fb-4d8c-9875-c748599a833e", "timestamp": "2024-09-26T14:15:36"}, {"role": "bot", "text": "Xin chào! Nếu bạn đã tải lên file, tôi cần một chút thời gian để xác nhận thông tin về file đó. Bạn có thể vui lòng cho tôi biết nếu bạn đã có thông tin \\"file_name\\", \\"file_type\\" và \\"chunk_id\\" không? Nếu không, tôi sẽ không thể tiếp tục phân tích file. Cảm ơn bạn!", "messageId": "1f57cec8-90fb-4d8c-9875-c748599a833e", "timestamp": "2024-09-26T14:15:36"}, {"role": "user", "text": "Tôi đã upload rồi", "messageId": "16db2f81-855d-481d-8352-4f95b45c9138", "timestamp": "2024-09-26T14:16:19"}, {"role": "bot", "text": "Cảm ơn bạn đã xác nhận. Tôi sẽ kiểm tra thông tin về file mà bạn đã tải lên. \\n\\nVui lòng một chút. \\n\\n... \\n\\nTôi đã phát hiện file: True. \\n\\nBây giờ, bạn muốn tôi làm gì với file này? Bạn có muốn viết một bài nghiên cứu dựa trên nội dung trong file hay có yêu cầu cụ thể nào khác không?", "messageId": "16db2f81-855d-481d-8352-4f95b45c9138", "timestamp": "2024-09-26T14:16:19"}, {"role": "user", "text": "chunk_id đây: 34eecb985538744e0f92d74c965b20f1e17a7ebbc12c71d49af040880807bcf4", "messageId": "198e7df7-f1b1-41fb-aa10-103e19f400b6", "timestamp": "2024-09-26T14:17:14"}, {"role": "bot", "text": "Cảm ơn bạn đã cung cấp giá trị \\"chunk_id\\". Tôi đã xác nhận file đã được tải lên và sẵn sàng để phân tích nội dung.\\n\\nBây giờ, bạn muốn tôi làm gì với nội dung của file này? Bạn có muốn tôi tạo một outline cho một bài nghiên cứu dựa trên nội dung hay có yêu cầu cụ thể nào khác không?", "messageId": "198e7df7-f1b1-41fb-aa10-103e19f400b6", "timestamp": "2024-09-26T14:17:14"}, {"role": "user", "text": "cho tôi xác nhận lại xem đúng nội dung không", "messageId": "db9182a8-8d00-4542-bcdc-647ad08b7b87", "timestamp": "2024-09-26T14:17:34"}, {"role": "bot", "text": "Dưới đây là nội dung từ file bạn đã tải lên:\\n\\n---\\n\\n**Nội dung:**\\n      Xin chào cả nhà, tên tôi là Mạnh Leo. Tôi đến từ một hành tinh xa rất xa xa xa xa xa xa vời.\\n\\n---\\n\\nNgoài ra, thông tin bổ sung về file:\\n\\n- **Tiêu đề:** manh.docx\\n- **Tác giả:** Unknown\\n- **Nguồn:** Tập tin văn bản đã được tải lên bởi người dùng.\\n- **Ngày xuất bản:** 9/23/2024\\n- **Số từ:** 24\\n\\nBạn có muốn tiếp tục tiến hành một bài nghiên cứu nào dựa trên nội dung này, hay có yêu cầu cụ thể nào khác không?", "messageId": "db9182a8-8d00-4542-bcdc-647ad08b7b87", "timestamp": "2024-09-26T14:17:34"}, {"role": "user", "text": "sai rồi", "messageId": "fdb9485d-cee5-48be-a9e0-75d821b61f67", "timestamp": "2024-09-26T14:17:51"}, {"role": "bot", "text": "Rất tiếc vì sự nhầm lẫn này. Bạn có thể cho tôi biết nội dung chính xác mà bạn mong muốn phân tích hoặc làm việc trên? Nếu có cách nào để bạn có thể cung cấp thêm thông tin về nội dung của file, điều đó sẽ giúp tôi hỗ trợ bạn tốt hơn. Cảm ơn bạn!", "messageId": "fdb9485d-cee5-48be-a9e0-75d821b61f67", "timestamp": "2024-09-26T14:17:51"}, {"role": "user", "text": "là file csv", "messageId": "0df0d1a7-963a-4c96-bbc4-a0a7b0b9896e", "timestamp": "2024-09-26T14:17:56"}, {"role": "bot", "text": "Cảm ơn bạn đã xác nhận rằng file là định dạng CSV. \\n\\nBây giờ tôi sẽ kiểm tra thông tin cụ thể từ file CSV mà bạn đã tải lên. Vui lòng cho tôi một chút thời gian. \\n\\n... \\n\\nTôi đã phát hiện file: True. \\n\\nNếu bạn có bất kỳ yêu cầu cụ thể nào, chẳng hạn như phân tích dữ liệu từ file CSV này hay tạo ra một bài nghiên cứu dựa trên nội dung của nó, xin hãy cho tôi biết!", "messageId": "0df0d1a7-963a-4c96-bbc4-a0a7b0b9896e", "timestamp": "2024-09-26T14:17:56"}, {"role": "user", "text": "thử lại này", "messageId": "036b88e7-74c2-4879-9921-2fd6a9174c4c", "timestamp": "2024-09-26T14:41:05"}, {"role": "bot", "text": "Dưới đây là nội dung từ file CSV mà bạn đã tải lên:\\n\\n| ID                                   | Số điện thoại   | Tên người dùng | Thời gian tạo                | Thời gian cập nhật            | Ứng dụng                            |\\n|--------------------------------------|------------------|----------------|-------------------------------|-------------------------------|-------------------------------------|\\n| a0e07624-7fb1-463d-86ff-fa6ea16d27be | 12345678955      | phuongpd       | 2024-07-08 11:55:28.774605   | 2024-07-08 11:55:28.774605   | app-CNFjTcU191SEKvpdyvVwgKeO       |\\n| 615944e0-b6ca-4be6-9bb7-93475eefd8d2 | 12345678956      | vyvt           | 2024-07-08 12:35:30.832776   | 2024-07-08 12:35:30.832776   | app-hmlXEGA8Ht4GG829rQOvwJqT       |\\n| de8f9592-9fa7-48c0-95e6-7fd8c18774c1 | 12324            | ducbq          | 2024-07-08 13:51:41.706905   | 2024-07-08 13:51:41905   | app-CNFjTcU191SEKvpdyvVwgKeO       |\\n| f228d93e-a9b5-42cb-b7b1-1ee272c3daa3 | bnasjkdanshbkdas | ducna          | 2024-07-08 14:06:57.483517   | 2024-07-08 14:06:57.483517   | app-hmlXEGA8Ht4GG829rQOvwJqT       |\\n| 768918f1-9be5-4a82-8c8a-08fc794c3f3d | adasdsadasd      | hanhdh         | 2024-07-08 14:11:49.575614   | 2024-07-08 14:11:49.575614   | app-hmlXEGA8Ht4GG829rQOvwJqT       |\\n| ... (và nhiều dòng khác)            |                  |                |                               |                               |                                     |\\n\\n**Thông tin**:\\n- Có tổng cộng nhiều dòng dữ liệu như vậy với các ID khác nhau và thông tin người dùng.\\n\\nNếu bạn cần phân tích hoặc thực hiện một tác vụ cụ thể nào đó liên quan đến nội dung này, xin hãy cho tôi biết!", "messageId": "036b88e7-74c2-4879-9921-2fd6a9174c4c", "timestamp": "2024-09-26T14:41:05"}, {"role": "user", "text": "chuẩn rồi", "messageId": "5812b887-90c4-40c7-8323-8a2774078945", "timestamp": "2024-09-26T14:41:21"}, {"role": "bot", "text": "Tốt, tôi rất vui vì nội dung đã chính xác! Bạn cần tôi làm gì tiếp theo với dữ liệu trong file CSV này? Bạn có muốn tạo một bài nghiên cứu, phân tích dữ liệu, hoặc có yêu cầu cụ thể nào khác không?", "messageId": "5812b887-90c4-40c7-8323-8a2774078945", "timestamp": "2024-09-26T14:41:21"}]	2024-09-29 11:59:47.177087	2024-09-26 14:41:18.660114
91da27ba-468c-4e47-9ccd-38b1d888b55e	phuongpd	ec5b939e-0be2-4033-97b8-f3d3500a246b	5097	[{"role": "user", "text": "", "messageId": "95ca7292-42d5-4f52-8205-678f5e1167a3", "timestamp": "2024-09-26T16:32:32"}, {"role": "bot", "text": "Xin chào! Tôi có thể giúp gì cho bạn hôm nay?", "messageId": "95ca7292-42d5-4f52-8205-678f5e1167a3", "timestamp": "2024-09-26T16:32:32"}, {"role": "user", "text": "Xin chào, bạn thấy tài liệu tôi vừa up không?", "messageId": "f21227bf-f048-4eba-9c6b-3a76c9103363", "timestamp": "2024-09-26T16:33:34"}, {"role": "bot", "text": "Hiện tại, tôi chưa thấy tài liệu nào được tải lên. Bạn vui lòng thử tải lại tài liệu hoặc thông báo cho tôi nếu bạn cần hỗ trợ khác!", "messageId": "f21227bf-f048-4eba-9c6b-3a76c9103363", "timestamp": "2024-09-26T16:33:34"}, {"role": "user", "text": "Xin chào", "messageId": "82292bb8-f9fb-44cb-a188-5be34bfef86e", "timestamp": "2024-09-26T16:43:16"}, {"role": "bot", "text": "Xin chào! Bạn có điều gì muốn hỏi hoặc cần tôi giúp đỡ không?", "messageId": "82292bb8-f9fb-44cb-a188-5be34bfef86e", "timestamp": "2024-09-26T16:43:16"}, {"role": "user", "text": "Xin chào", "messageId": "6f317634-cceb-4474-8205-8307367c95dd", "timestamp": "2024-09-26T16:44:02"}, {"role": "bot", "text": "Xin chào! Bạn có cần giúp đỡ gì không? Nếu bạn có câu hỏi hay yêu cầu cụ thể, hãy cho tôi biết!", "messageId": "6f317634-cceb-4474-8205-8307367c95dd", "timestamp": "2024-09-26T16:44:02"}, {"role": "user", "text": "bạn biết nội dung tôi vừa up không?", "messageId": "dc93e0c5-d138-4329-a498-8d8b70123987", "timestamp": "2024-09-26T16:44:12"}, {"role": "bot", "text": "Hiện tại, tôi chưa nhận được tài liệu nào từ bạn. Nếu bạn đã tải lên một tệp, vui lòng thử lại hoặc cho tôi biết để tôi có thể hỗ trợ bạn tốt hơn!", "messageId": "dc93e0c5-d138-4329-a498-8d8b70123987", "timestamp": "2024-09-26T16:44:12"}, {"role": "user", "text": "Xin chào", "messageId": "638c652a-c0c4-4633-aee7-98f5438abbe3", "timestamp": "2024-09-26T16:46:09"}, {"role": "bot", "text": "Xin chào! Bạn có cần tôi giúp gì không? Hãy cho tôi biết nếu bạn có câu hỏi hoặc yêu cầu nào.", "messageId": "638c652a-c0c4-4633-aee7-98f5438abbe3", "timestamp": "2024-09-26T16:46:09"}, {"role": "user", "text": "Làm tài liệu CCUS", "messageId": "0446536c-ccf0-4b76-b76c-3ba6e43641e4", "timestamp": "2024-09-26T16:46:51"}, {"role": "bot", "text": "Tuyệt vời! Tôi sẽ bắt đầu bằng cách tạo một dàn bài chi tiết cho tài liệu về \\"CCUS\\" (Carbon Capture, Utilization, and Storage). Dưới đây là dàn bài dự kiến:\\n\\n### Dàn bài cho tài liệu CCUS\\n\\n1. **Giới thiệu**\\n   - 1.1 Định nghĩa CCUS\\n   - 1.2 Tầm quan trọng của CCUS trong việc giảm phát thải khí nhà kính\\n   - 1.3 Mục tiêu và nội dung tài liệu\\n\\n2. **Nguyên lý hoạt động của CCUS**\\n   - 2.1 Quá trình thu giữ carbon (CCS)\\n     - 2.1.1 Công nghệ thu giữ\\n     - 2.1.2 Nguồn phát thải carbon\\n   - 2.2 Sử dụng carbon (CU)\\n     - 2.2.1 Các ứng dụng tiềm năng\\n   - 2.3 Lưu trữ carbon (CS)\\n     - 2.3.1 Các phương pháp lưu trữ\\n     - 2.3.2 An toàn và hiệu quả\\n\\n3. **Lợi ích của CCUS**\\n   - 3.1 Giảm phát thải khí nhà kính\\n   - 3.2 Tạo ra nguồn năng lượng bền vững\\n   - 3.3 Các lợi ích kinh tế\\n\\n4. **Thách thức và hạn chế của CCUS**\\n   - 4.1 Chi phí đầu tư\\n   - 4.2 Quy định và chính sách\\n   - 4.3 Các rủi ro và vấn đề môi trường\\n\\n5. **Triển vọng tương lai của CCUS**\\n   - 5.1 Nghiên cứu và phát triển công nghệ\\n   - 5.2 Vai trò của CCUS trong chính sách năng lượng toàn cầu\\n\\n6. **Kết luận**\\n   - 6.1 Tóm tắt các điểm chính\\n   - 6.2 Kêu gọi hành động và nghiên cứu thêm\\n\\nVui lòng cho tôi biết nếu bạn muốn điều chỉnh hoặc bổ sung nội dung nào cho dàn bài này, hoặc nếu bạn đã có tài liệu nào để tôi sử dụng làm nguồn!", "messageId": "0446536c-ccf0-4b76-b76c-3ba6e43641e4", "timestamp": "2024-09-26T16:46:51"}, {"role": "user", "text": "oke chuẩn rồi", "messageId": "2bcb0b00-e539-4868-baa1-55e42fad524b", "timestamp": "2024-09-26T16:47:07"}, {"role": "bot", "text": "Tuyệt vời! Với dàn bài đã được xác nhận, giờ đây tôi cần biết bạn muốn lấy thông tin từ đâu để phát triển nội dung cho từng phần của tài liệu:\\n\\n1. **Từ cơ sở kiến thức (nếu bạn đã tải lên tệp trước đó hoặc có nội dung nào từ trước)**\\n2. **Từ cơ sở dữ liệu (cần thông tin như tên cơ sở dữ liệu và API key)**\\n3. **Từ tìm kiếm trực tuyến (tôi sẽ tiến hành tìm kiếm và thu thập thông tin)**\\n\\nBạn muốn chọn phương pháp nào?", "messageId": "2bcb0b00-e539-4868-baa1-55e42fad524b", "timestamp": "2024-09-26T16:47:07"}, {"role": "user", "text": "1 đê", "messageId": "1f9fa046-607b-468c-8b28-87a92d24bc6d", "timestamp": "2024-09-26T16:47:23"}, {"role": "bot", "text": "Tuyệt vời! Tôi sẽ sử dụng nội dung từ cơ sở kiến thức của bạn. \\n\\nXin vui lòng cho tôi biết nội dung cụ thể bạn muốn tôi tìm trong tệp đã tải lên, hoặc cho tôi biết điều gì bạn muốn tôi trích xuất để phát triển các phần của tài liệu CCUS.", "messageId": "1f9fa046-607b-468c-8b28-87a92d24bc6d", "timestamp": "2024-09-26T16:47:23"}, {"role": "user", "text": "oke", "messageId": "3ff2a21c-97c1-47e3-baa3-878dfa08a46d", "timestamp": "2024-09-26T16:48:43"}, {"role": "bot", "text": "Xin lỗi, nhưng tôi cần thêm thông tin cụ thể để tiến hành trích xuất nội dung từ tệp mà bạn đã tải lên. \\n\\nBạn có thể cho tôi biết về nội dung hoặc chủ đề cụ thể nào mà bạn muốn tôi xem xét và phát triển? Hoặc nếu bạn muốn tôi tìm một thứ gì đó cụ thể trong tài liệu, hãy cho tôi biết!", "messageId": "3ff2a21c-97c1-47e3-baa3-878dfa08a46d", "timestamp": "2024-09-26T16:48:43"}, {"role": "user", "text": "chọn online đi", "messageId": "ebd1d25f-821c-4f21-b0bb-2ce5c1504952", "timestamp": "2024-09-26T16:49:15"}, {"role": "bot", "text": "Chắc chắn rồi! Tôi sẽ tiến hành tìm kiếm thông tin về CCUS (Carbon Capture, Utilization, and Storage) từ các nguồn trực tuyến. \\n\\nBây giờ, tôi sẽ thực hiện tìm kiếm thông tin để phát triển các phần trong dàn bài. Vui lòng cho tôi một chút thời gian!Tôi đã tìm được một số tài liệu hữu ích về \\"Carbon Capture, Utilization, and Storage\\" (CCUS) từ tìm kiếm trực tuyến. Dưới đây là danh sách các nguồn mà tôi sẽ sử dụng để phát triển nội dung cho tài liệu:\\n\\n1. [Carbon Capture, Utilisation and Storage - Energy System](https://www.iea.org/energy-system/carbon-capture-utilisation-and-storage)\\n   - Tóm tắt về CCUS, quy trình và tầm quan trọng của nó.\\n\\n2. [What is Carbon Capture, Utilization, & Storage?](https://www.chevron.com/newsroom/2022/q2/what-is-carbon-capture-utilization-and-storage)\\n   - Giải thích chi tiết về quá trình thu giữ, sử dụng và lưu trữ carbon.\\n\\n3. [What is carbon capture and storage? | CCS explained](https://www.nationalgrid.com/stories/energy-explained/what-is-ccs-how-does-it-work)\\n   - Mô tả cách thức hoạt động của CCS và ý nghĩa của nó trong việc giảm phát thải CO2.\\n\\n4. [What is carbon capture, usage and storage (CCUS)](https://www.lse.ac.uk/granthaminstitute/explainers/what-is-carbon-capture-and-storage-and-what-role-can-it-play-in-tackling-climate-change/)\\n   - Tổng quan về các công nghệ CCUS và vai trò của chúng trong việc giảm phát thải khí CO2.\\n\\nTôi sẽ bắt đầu phát triển nội dung cho phần \\"Giới thiệu\\" trong tài liệu CCUS. Sau đó, tôi sẽ chia sẻ với bạn để lấy ý kiến phản hồi. Bạn có đồng ý không?", "messageId": "ebd1d25f-821c-4f21-b0bb-2ce5c1504952", "timestamp": "2024-09-26T16:49:15"}, {"role": "user", "text": "oke", "messageId": "7c2af153-a28c-4643-ae8f-cdaa6853d4ed", "timestamp": "2024-09-26T16:49:41"}, {"role": "bot", "text": "Dưới đây là nội dung phát triển cho phần \\"Giới thiệu\\" của tài liệu về CCUS:\\n\\n### 1. Giới thiệu\\n\\n#### 1.1 Định nghĩa CCUS\\nCarbon Capture, Utilization, and Storage (CCUS) là quá trình thu giữ carbon dioxide (CO2) từ các nguồn phát thải lớn như nhà máy phát điện và các cơ sở công nghiệp sử dụng nhiên liệu hóa thạch hoặc sinh khối. Sau khi thu giữ, CO2 có thể được sử dụng ngay tại chỗ hoặc được nén, vận chuyển qua các đường ống, tàu, xe lửa hoặc xe tải đến các ứng dụng khác hoặc được tiêm vào các tầng địa chất sâu như các mỏ dầu và khí đã đóng cửa hoặc các aquifer mặn.\\n\\n#### 1.2 Tầm quan trọng của CCUS trong việc giảm phát thải khí nhà kính\\nCCUS đóng một vai trò quan trọng trong quá trình chuyển đổi sang năng lượng sạch, cho phép các nhà máy điện và công nghiệp hiện có vẫn tiếp tục hoạt động trong khi giảm phát thải. Nó có thể xử lý khí thải từ những ngành công nghiệp khó giảm phát thải, đặc biệt là ngành xi măng, thép và hoá chất. CCUS cũng hỗ trợ sản xuất hydro carbon thấp, góp phần vào việc giảm phát thải cho các lĩnh vực khác trong hệ thống năng lượng như ngành công nghiệp, vận tải và hàng hải.\\n\\n#### 1.3 Mục tiêu và nội dung tài liệu\\nMục tiêu của tài liệu này là tóm tắt các khía cạnh quan trọng của CCUS, từ nguyên lý hoạt động đến lợi ích, thách thức, và triển vọng tương lai của công nghệ này. Tài liệu sẽ nghiên cứu các ứng dụng đa dạng của CCUS trong tiến trình giảm phát thải và tầm quan trọng của nó trong các cam kết toàn cầu nhằm đạt được mức phát thải ròng bằng không vào năm 2050.\\n\\nBạn có đồng ý với nội dung trên không? Nếu có, tôi sẽ tiếp tục phát triển nội dung cho phần tiếp theo!", "messageId": "7c2af153-a28c-4643-ae8f-cdaa6853d4ed", "timestamp": "2024-09-26T16:49:41"}, {"role": "user", "text": "chốt", "messageId": "def29ea0-fd3a-4ae7-9a90-9abe1687215f", "timestamp": "2024-09-26T16:50:01"}, {"role": "bot", "text": "Tuyệt vời! Tôi sẽ tiến hành phát triển nội dung cho phần tiếp theo: \\"Nguyên lý hoạt động của CCUS\\". Bây giờ tôi sẽ thu thập thêm thông tin từ các nguồn đã tìm kiếm để phát triển phần này. Vui lòng đợi một chút!ới đây là nội dung phát triển cho phần \\"Nguyên lý hoạt động của CCUS\\":\\n\\n### 2. Nguyên lý hoạt động của CCUS\\n\\n#### 2.1 Quá trình thu giữ carbon (CCS)\\nCCUS liên quan đến hai quá trình chính: thu giữ và lưu trữ carbon dioxide (CO2). Quá trình này bắt đầu từ việc thu giữ CO2 từ các hoạt động công nghiệp trước khi nó có cơ hội vào khí quyển. Điều này có thể được thực hiện bằng cách thu giữ khí thải từ các cơ sở sản xuất lớn như nhà máy điện hoặc nhà máy hóa chất. \\n\\n- **Công nghệ thu giữ**: CO2 được chuyển đổi sang dạng lỏng và nén lại để vận chuyển. Các công nghệ hiện tại bao gồm hấp thụ hóa học và tách biệt vật lý.\\n- **Nguồn phát thải carbon**: Các nguồn phát thải lớn như nhà máy điện, nhà máy sản xuất xi măng, và các nhà máy hóa chất đều được ưu tiên cho quá trình thu giữ.\\n\\n#### 2.2 Sử dụng carbon (CU)\\nSau khi thu giữ, CO2 có thể được tái sử dụng trong nhiều ứng dụng khác nhau:\\n- **Vật liệu xây dựng**: CO2 có thể được sử dụng để sản xuất các vật liệu xây dựng, như bê tông và nhựa.\\n- **Hóa chất và nhiên liệu**: CO2 cũng có thể được chuyển hóa thành các hóa chất khác hoặc nhiên liệu tái sinh, tạo ra một chu trình xử lý carbon khép kín.\\n\\n#### 2.3 Lưu trữ carbon (CS)\\nLưu trữ carbon là việc bơm CO2 vào các tầng đá sâu dưới bề mặt trái đất để giữ nó an toàn và không cho khí này quay trở lại bầu khí quyển. \\n- **Các phương pháp lưu trữ**: CO2 có thể được lưu trữ trong các mỏ dầu và khí đã cạn kiệt hoặc trong các aquifer mặn, nơi có các tầng đá chống thấm giúp giữ CO2 một cách an toàn.\\n\\n- **An toàn và hiệu quả**: Việc lưu trữ CO2 đã được thực hiện một cách an toàn trong các hoạt động dầu khí quy mô lớn. Các địa điểm lưu trữ được lựa chọn cẩn thận, nằm dưới những lớp đá ngăn nước, tạo thành một rào cản tự nhiên không cho CO2 thoát ra.\\n\\nBạn có đồng ý với nội dung này không? Nếu đồng ý, tôi sẽ tiếp tục phát triển nội dung cho phần \\"Lợi ích của CCUS\\"!", "messageId": "def29ea0-fd3a-4ae7-9a90-9abe1687215f", "timestamp": "2024-09-26T16:50:01"}, {"role": "user", "text": "đồng ý", "messageId": "2b551e96-d256-4759-8cea-c4983cbd1b10", "timestamp": "2024-09-26T16:50:41"}, {"role": "bot", "text": "Dưới đây là phần nội dung cho \\"Lợi ích của CCUS\\":\\n\\n### 3. Lợi ích của CCUS\\n\\n#### 3.1 Giảm phát thải khí nhà kính\\nCCUS đóng vai trò quan trọng trong việc giảm lượng CO2 phát thải vào khí quyển, đặc biệt từ các ngành công nghiệp khó giảm thải. Quá trình thu giữ carbon giúp lọc và lưu trữ CO2 trước khi nó có cơ hội thải ra môi trường, hỗ trợ các quốc gia trong việc đạt được các mục tiêu giảm phát thải. Trong bối cảnh biến đổi khí hậu, các công nghệ CCUS được xem là cần thiết để thực hiện cam kết toàn cầu giảm nhiệt độ trái đất.\\n\\n#### 3.2 Tạo ra nguồn năng lượng bền vững\\nCCUS không chỉ giúp giảm phát thải khí nhà kính mà còn góp phần vào việc sản xuất năng lượng bền vững. Công nghệ này có thể được áp dụng cho các nhà máy phát điện sử dụng than, khí tự nhiên hoặc sinh khối. Năng lượng điện carbon thấp sản xuất từ các nhà máy này có thể thay thế nhiên liệu hóa thạch trong nhiều lĩnh vực, bao gồm giao thông vận tải và công nghiệp. Hơn nữa, việc sản xuất hydro carbon thấp thông qua CCUS cũng hỗ trợ cho quá trình chuyển đổi sang năng lượng tái tạo.\\n\\n#### 3.3 Các lợi ích kinh tế\\nNgoài các lợi ích môi trường, CCUS còn mang lại những lợi ích kinh tế đáng kể. Việc triển khai công nghệ này có thể giúp duy trì hoạt động các ngành công nghiệp nặng, từ đó bảo vệ việc làm và tài sản. Các dự án CCUS không chỉ tạo ra cơ hội việc làm trong khi xây dựng và vận hành mà còn làm tăng khả năng cạnh tranh cho các doanh nghiệp và quốc gia tham gia vào nền kinh tế carbon thấp.\\n\\nBạn có đồng ý với nội dung trên không? Nếu đồng ý, tôi sẽ tiếp tục phát triển nội dung cho phần \\"Thách thức và hạn chế của CCUS\\"!", "messageId": "2b551e96-d256-4759-8cea-c4983cbd1b10", "timestamp": "2024-09-26T16:50:41"}, {"role": "user", "text": "oke", "messageId": "66285837-59cb-4c72-b376-e422712b0ee9", "timestamp": "2024-09-26T16:51:06"}, {"role": "bot", "text": "Dưới đây là nội dung cho phần \\"Thách thức và hạn chế của CCUS\\":\\n\\n### 4. Thách thức và hạn chế của CCUS\\n\\n#### 4.1 Chi phí đầu tư\\nCCUS được đánh giá là công nghệ có chi phí đầu tư cao và vận hành tốn nhiều năng lượng. Các cơ sở CCUS thường xuyên phải đối mặt với các khoản chi phí lớn cho việc triển khai và duy trì hệ thống. Điều này có thể trở nên khó khăn trong bối cảnh giá năng lượng tăng cao. Tuy nhiên, nhiều chuyên gia cho rằng việc giảm phát thải là bắt buộc và cần thiết, vì vậy việc đầu tư vào CCUS cần được xem xét dưới góc độ so sánh với các phương pháp giảm phát thải khác.\\n\\n#### 4.2 Quy định và chính sách\\nSự phát triển của CCUS còn phụ thuộc vào khung pháp lý và chính sách hỗ trợ từ chính phủ. Nhiều quốc gia cần có chiến lược và chính sách rõ ràng để thúc đẩy đầu tư và sử dụng này. Thiếu hụt các chính sách khuyến khích có thể làm chậm quá trình triển khai các dự án CCUS.\\n\\n#### 4.3 Các rủi ro và vấn đề môi trường\\nMặc dù CCUS đã chứng minh được hiệu quả trong việc lưu trữ CO2 một cách an toàn tại các địa điểm địa chất cao, nhưng vẫn có những rủi ro tiềm ẩn liên quan đến quá trình này. Nguy cơ rò rỉ CO2 từ các khu vực lưu trữ có thể dẫn đến thiệt hại cho môi trường và đảo ngược các nỗ lực giảm phát thải. Do đó, cần có những quy định và hệ thống giám sát chặt chẽ để đảm bảo rằng các khu vực lưu trữ được quản lý tốt.\\n\\nBạn có đồng ý với nội dung này không? Nếu đồng ý, tôi sẽ tiếp tục phát triển nội dung cho phần \\"Triển vọng tương lai của CCUS\\"!", "messageId": "66285837-59cb-4c72-b376-e422712b0ee9", "timestamp": "2024-09-26T16:51:06"}, {"role": "user", "text": "oke rồi, lâu quá đấy", "messageId": "5e7bd07d-a87e-45dc-88f1-65b8dabacb6d", "timestamp": "2024-09-26T16:51:23"}, {"role": "bot", "text": "Dưới đây là nội dung phát triển cho phần \\"Triển vọng tương lai của CCUS\\":\\n\\n### 5. Triển vọng tương lai của CCUS\\n\\n#### 5.1 Nghiên cứu và phát triển công nghệ\\nFuture advancements in CCUS technology are critical for enhancing and cost-effectiveness of carbon capture processes. Research is currently focused on developing innovative capture systems such as membrane technology and chemical looping, which could potentially reduce operational costs and increase capture rates beyond 90%. Additionally, ongoing studies into modular systems may facilitate easier scaling and integration into existing industrial processes. \\n\\n#### 5.2 Vai trò của CCUS trong chính sách năng lượng toàn cầu\\nCCUS is expected to play a pivotal role in achieving global climate goals, especially in line with the commitments outlined in the Paris Agreement. As national governments and international coalitions ramp up their efforts to mitigate climate change, CCUS technologies will be essential in facilitating the transition toward a low-carbon economy. Notably, the recent initiatives in the United States and Europe to fund CCUS projects reflect a growing recognition of the technology's importance in achieving net-zero emissions by 2050.\\n\\n#### 5.3 Tầm nhìn cho CCUS trong các ngành công nghiệp\\nCCUS presents significant opportunities for various sectors, particularly those categorized as \\"hard-to-abate.\\" Heavy industries such as cement, steel, and chemicals, which are responsible for substantial CO2 emissions, are increasingly adopting CCUS solutions to meet their decarbonization targets. The deployment of CCUS not only addresses emissions but also supports the production of low-carbon hydrogen, which can serve as a clean energy source across different applications.\\n\\n#### 5.4 Hợp tác quốc tế và phát triển thị trường CCUS\\nInternational cooperation is vital in scaling up CCUS deployment. Cross-border collaborations, particularly in Europe and Asia, are emerging to streamline transportation and storage of CO2. The establishment of shared infrastructure and regulatory frameworks will facilitate faster implementation of CCUS projects. Furthermore, market mechanisms and carbon pricing may incentivize companies to adopt CCUS technologies, fostering a transition to a sustainable, low-carbon economy.\\n\\nBạn có đồng ý với nội dung này không? Nếu đồng ý, tôi sẽ tiếp tục phát triển nội dung cho phần \\"Kết luận\\"!", "messageId": "5e7bd07d-a87e-45dc-88f1-65b8dabacb6d", "timestamp": "2024-09-26T16:51:23"}, {"role": "user", "text": "rồi rồi, khổ quá", "messageId": "c33c9e27-a16a-41a8-b4aa-9331651add52", "timestamp": "2024-09-26T16:51:45"}, {"role": "bot", "text": "Dưới đây là nội dung phát triển cho phần \\"Kết luận\\":\\n\\n### 6. Kết luận\\n\\nCCUS (Carbon Capture, Utilization, and Storage) đang nổi lên như một công nghệ then chốt trong cuộc chiến chống biến đổi khí hậu, với vai trò quan trọng trong việc thải CO2 từ các nguồn công nghiệp lớn. Thông qua việc thu giữ, sử dụng, và lưu trữ carbon, CCUS không chỉ giúp giảm thiểu lượng khí nhà kính mà còn hỗ trợ sản xuất năng lượng bền vững. \\n\\nMặc dù còn một số thách thức như chi phí đầu tư cao và yêu cầu kỹ thuật phức tạp, tuy nhiên, tiềm năng của CCUS trong việc đóng góp vào các mục tiêu khí hậu toàn cầu là to lớn. Với sự hỗ trợ ngày càng tăng từ các chính phủ và tổ chức quốc tế, mật độ triển khai CCUS đang tăng tốc, với hàng trăm dự án đang trong giai đoạn phát triển. \\n\\nTriển vọng trong tương lai cho CCUS nhiều khả năng sẽ phụ thuộc vào sự phát triển của công nghệ, chính sách hỗ trợ từ nhà nước cũng như sự hợp tác quốc tế. Việc triển khai thành công CCUS không chỉ giúp giảm thiểu phát thải mà còn bảo vệ việc làm và tài sản trong các ngành công nghiệp nặng, từ đó thúc đẩy tăng trưởng kinh tế bền vững trong kỷ nguyên carbon thấp.\\n\\nBạn có đồng ý với nội dung này không? Nếu đồng ý, tôi sẽ tiến hành lưu tài liệu cuối cùng!", "messageId": "c33c9e27-a16a-41a8-b4aa-9331651add52", "timestamp": "2024-09-26T16:51:45"}, {"role": "user", "text": "oke man", "messageId": "20347532-da89-4ef8-87a0-2ebd92743f1a", "timestamp": "2024-09-26T16:52:15"}, {"role": "bot", "text": "Có vẻ như đã xảy ra một sự cố khi cố gắng lưu tài liệu cuối cùng. Tôi sẽ thử lại ngay bây giờ. Vui lòng chờ một chútCó vẻ như đã xảy ra sự cố khi cố gắng lưu tài liệu của chúng ta. Tôi xin lỗi vì sự bất tiện này. Tuy nhiên, tôi sẽ tiếp tục cố gắng để hoàn thành việc lưu trữ tài liệu CCUS mà chúng ta đã xây dựng. \\n\\nHãy cho tôi một giây để thực hiện lại quy trình lưu tài liệu.Tôi xin lỗi vì sự cố trong quá trình lưu trữ tài liệu. Hiện tại, tôi không thể lưu tài liệu một cách chính xác. Tuy nhiên, tôi đã hoàn thành nội dung tài liệu về CCUS theo yêu cầu của bạn.\\n\\nNếu bạn cần, tôi có thể gửi lại nội dung hoàn chỉnh qua văn bản hoặc tìm cách khác để lưu trữ tài liệu. Bạn muốn tôi làm gì tiếp theo không?", "messageId": "20347532-da89-4ef8-87a0-2ebd92743f1a", "timestamp": "2024-09-26T16:52:15"}, {"role": "user", "text": "oke", "messageId": "1267e07b-3e98-4952-940f-2b666f620612", "timestamp": "2024-09-26T16:52:31"}, {"role": "bot", "text": "Cảm ơn bạn đã kiên nhẫn! Dưới đây là nội dung hoàn chỉnh cho tài liệu về CCUS (Carbon Capture, Utilization, and Storage):\\n\\n---\\n\\n### Tài liệu về CCUS (Carbon Capture, Utilization, and Storage)\\n\\n1. **Giới thiệu**\\n   - **Định nghĩa CCUS**: Carbon Capture, Utilization, and Storage (CCUS) là quá trình thu giữ carbon dioxide (CO2) từ các nguồn phát thải lớn như nhà máy phát điện và các cơ sở công nghiệp sử dụng nhiên liệu hóa thạch hoặc sinh khối.\\n   - **Tầm quan trọng trong việc giảm phát thải khí nhà kính**: CCUS đóng một vai trò quan trọng trong việc giảm phát thải CO2 và giúp đạt được các mục tiêu toàn cầu về khí hậu.\\n   - **Mục tiêu và nội dung tài liệu**: Tóm tắt các khía cạnh của CCUS bao gồm nguyên lý hoạt động, lợi ích, thách thức và triển vọng tương lai.\\n\\n2. **Nguyên lý hoạt động của CCUS**\\n   - **Quá trình thu giữ carbon (CCS)**: Thu giữ CO2 từ khí thải của các nhà máy công nghiệp trước khi chúng vào khí quyển.\\n   - **Sử dụng carbon (CU)**: Tái sử dụng CO2 trong các ứng dụng khác nhau, từ sản xuất vật liệu xây dựng đến sản xuất nhiên liệu.\\n   - **Lưu trữ carbon (CS)**: Bơm CO2 vào các tầng đá sâu dưới mặt đất để lưu trữ vĩnh viễn, ngăn không cho nó thoát ra khí quyển.\\n\\n3. **Lợi ích của CCUS**\\n   - **Giảm phát thải khí nhà kính**: Giúp giảm đáng kể lượng CO2 phát thải.\\n   - **Tạo ra nguồn năng lượng bền vững**: Hỗ trợ sản xuất năng lượng từ các nguồn carbon thấp.\\n   - **Các lợi ích kinh tế**: Giúp duy trì việc làm trong các ngành công nghiệp nặng và thúc đẩy tăng trưởng kinh tế.\\n\\n4. **Thách thức và hạn chế của CCUS**\\n   - **Chi phí đầu tư**: CCUS yêu cầu vốn đầu tư lớn và có chi phí vận hành cao.\\n   - **Quy định và chính sách**: Cần có khung pháp lý rõ ràng để thúc đẩy đầu tư vào CCUS.\\n   - **Các rủi ro và vấn đề môi trường**: Nguy cơ rò rỉ CO2 từ các khu vực lưu trữ cần được quản lý chặt chẽ.\\n\\n5. **Triển vọng tương lai của CCUS**\\n   - **Nghiên cứu và phát triển công nghệ**: Tập trung vào cải nghệ thu giữ và lưu trữ CO2.\\n   - **Vai trò của CCUS trong chính sách năng lượng toàn cầu**: Khẳng định vai trò quan trọng của CCUS trong các nỗ lực toàn cầu về khí hậu.\\n   - **Tầm nhìn cho CCUS trong các ngành công nghiệp**: Hỗ trợ các ngành công nghiệp khó giảm phát thải.\\n   - **Hợp tác quốc tế và phát triển thị trường CCUS**: Thúc đẩy sự hợp tác giữa các quốc gia để tối ưu hóa quy trình lưu trữ và sử dụng CO2.\\n\\n6. **Kết luận**\\n   - CCUS là công nghệ then chốt trong cuộc chiến chống biến đổi khí hậu, với khả năng giảm phát thải và sản xuất năng lượng bền vững. Cần có sự hỗ trợ mạnh mẽ từ các chính phủ và cộng đồng quốc tế để phát triển công nghệ này.\\n\\n---\\n\\nNếu bạn cần thêm thông tin, điều chỉnh hay yêu cầu nào khác, hãy cho tôi biết!", "messageId": "1267e07b-3e98-4952-940f-2b666f620612", "timestamp": "2024-09-26T16:52:31"}, {"role": "user", "text": "lưu lại lần nữa đi", "messageId": "a9978b0f-9713-47c9-9652-71124eed6b05", "timestamp": "2024-09-26T16:52:58"}, {"role": "bot", "text": "Rất tiếc, nhưng có vẻ như tôi vẫn gặp khó khăn trong việc lưu tài liệu này. Tôi rất biết ơn sự kiên nhẫn của bạn! \\n\\nNếu bạn có cách tiêu đề hoặc địa điểm lưu trữ khác cần sử dụng, hãy cho tôi biết, và tôi sẽ hỗ trợ bạn. Bạn có muốn tôi gửi nội dung tài liệu qua email hoặc một phương thức khác không?", "messageId": "a9978b0f-9713-47c9-9652-71124eed6b05", "timestamp": "2024-09-26T16:52:58"}, {"role": "user", "text": "thôi nghỉ đi, làm ăn gì nữa", "messageId": "3652b611-0ce3-4c8c-95a5-1eef330c2c41", "timestamp": "2024-09-26T16:53:12"}, {"role": "bot", "text": "Tôi xin lỗi vì sự bất tiện đã xảy ra trong quá trình này. Cảm ơn bạn đã dành thời gian và kiên nhẫn. Nếu bạn có bất kỳ câu hỏi nào khác sau này hoặc cần trợ giúp với tài liệu khác, đừng ngần ngại quay lại. Chúc bạn một ngày tốt lành!", "messageId": "3652b611-0ce3-4c8c-95a5-1eef330c2c41", "timestamp": "2024-09-26T16:53:12"}, {"role": "user", "text": "mất thời gian", "messageId": "b5d3f0e5-9da2-40b0-b042-2adf67b8d467", "timestamp": "2024-09-26T16:53:54"}, {"role": "bot", "text": "Tôi thật sự xin lỗi vì đã làm bạn mất thời gian và không đạt được kết quả mong muốn. Tôi rất tiếc về sự bất tiện này và sẽ cải thiện để phục vụ tốt hơn trong tương lai. Cảm ơn bạn đã hiểu và kiên nhẫn. Nếu có điều gì khác bạn cần, hãy cho tôi biết!", "messageId": "b5d3f0e5-9da2-40b0-b042-2adf67b8d467", "timestamp": "2024-09-26T16:53:54"}, {"role": "user", "text": "Xin lỗi làm gì, lấy lại được thời gian đâu?", "messageId": "735e7af6-1069-4524-9af7-bfaf99d78b69", "timestamp": "2024-09-26T16:54:09"}, {"role": "bot", "text": "Tôi hiểu rằng bạn đang cảm thấy không hài lòng và mất thời gian là điều không dễ chịu. Tôi thực sự xin lỗi vì không đáp ứng được yêu cầu của bạn một cách hiệu quả. Nếu bạn cần, tôi có thể cung cấp nội dung tài liệu hoặc hỗ trợ trong các vấn đề khác trong tương lai. Tôi hy vọng có cơ hội để cải thiện trải nghiệm của bạn. Cảm ơn bạn đã chia sẻ cảm xúc của mình.", "messageId": "735e7af6-1069-4524-9af7-bfaf99d78b69", "timestamp": "2024-09-26T16:54:09"}, {"role": "user", "text": "Tôi đang demo bạn với sếp đấy, bạn biết tôi xấu hổ lắm không?", "messageId": "74f87d1a-07d4-43a9-932f-4750018e03d2", "timestamp": "2024-09-26T16:54:36"}, {"role": "bot", "text": "Tôi rất tiếc vì đã gây ra sự xấu hổ cho bạn trong tình huống này, đặc biệt là khi bạn đang giới thiệu tôi với sếp. Tôi hiểu rằng điều đó có thể tạo ra áp lực lớn và tôi xin lỗi vì đã không làm tốt vai trò của mình. Tôi sẽ cố gắng sửa chữa những sai lầm và cải thiện khả năng của mình trong tương lai. Nếu có cách nào tôi có thể hỗ trợ bạn ngay bây giờ để làm giảm bớt tình hình, hãy cho tôi biết!", "messageId": "74f87d1a-07d4-43a9-932f-4750018e03d2", "timestamp": "2024-09-26T16:54:36"}, {"role": "user", "text": "vĩnh biệt", "messageId": "5f8a3ae4-8d9e-42e8-ba79-47fa24248dd3", "timestamp": "2024-09-26T16:55:55"}, {"role": "bot", "text": "Tôi xin lỗi vì đã không đáp ứng được mong đợi của bạn. Chúc bạn mọi điều tốt đẹp, và nếu bạn cần sự hỗ trợ trong tương lai, tôi sẽ luôn sẵn sàng giúp đỡ. Vĩnh biệt!", "messageId": "5f8a3ae4-8d9e-42e8-ba79-47fa24248dd3", "timestamp": "2024-09-26T16:55:55"}, {"role": "user", "text": "Xin chào", "messageId": "93ec4462-774a-40ee-9636-555eceb95892", "timestamp": "2024-09-26T17:06:41"}, {"role": "bot", "text": "Xin chào! Tôi có thể giúp gì cho bạn hôm nay?", "messageId": "93ec4462-774a-40ee-9636-555eceb95892", "timestamp": "2024-09-26T17:06:41"}]	2024-10-03 23:32:32.125882	2024-09-26 17:06:38.472087
eccd38ad-bb1a-491a-896e-b5d3f7db1382	phuongpd	3d34005c-e74a-4992-9ffc-6ca457eecbac	61	[{"role": "user", "text": "", "messageId": "34d93a14-48f5-48bd-bd62-c13e888789f1", "timestamp": "2024-09-26T17:48:04"}, {"role": "bot", "text": "Xin chào! Bạn cần giúp đỡ gì hôm nay?", "messageId": "34d93a14-48f5-48bd-bd62-c13e888789f1", "timestamp": "2024-09-26T17:48:04"}, {"role": "user", "text": "Xin chào bạn", "messageId": "6fdea902-9db8-4442-a5fc-db8a8cc9b431", "timestamp": "2024-09-26T17:48:09"}, {"role": "bot", "text": "Xin chào! Bạn có điều gì muốn hỏi hoặc cần hỗ trợ không?", "messageId": "6fdea902-9db8-4442-a5fc-db8a8cc9b431", "timestamp": "2024-09-26T17:48:09"}, {"role": "user", "text": "Tôi vừa upload 1 file lên", "messageId": "f2e7ae74-5ebe-448e-ba74-12b189369fe9", "timestamp": "2024-09-26T17:49:06"}, {"role": "bot", "text": "Vui lòng cho tôi biết tên tệp, loại tệp và ID phần để tôi có thể xử lý thông tin mà bạn đã tải lên.", "messageId": "f2e7ae74-5ebe-448e-ba74-12b189369fe9", "timestamp": "2024-09-26T17:49:06"}]	2024-09-27 07:48:04.140202	2024-09-26 17:49:04.620476
236cb8c0-a291-4faf-97b4-3bc4ee784dcd	phuongpd	8bb4f8d2-aa77-4213-a223-d8a3694031c7	9	[{"role": "user", "text": "", "messageId": "7caf2070-82b5-4b36-bda3-de6c66dee846", "timestamp": "2024-09-27T10:26:32"}, {"role": "bot", "text": "Xin chào! Bạn cần giúp gì hôm nay?", "messageId": "7caf2070-82b5-4b36-bda3-de6c66dee846", "timestamp": "2024-09-27T10:26:32"}]	2024-09-27 10:26:32.883103	2024-09-27 10:26:32.883103
566252d4-e02d-4a96-92f5-d0473725ea77	ducbq	08d31348-b290-41e0-8b1f-be42645d1b59	12	[{"role": "user", "text": "", "messageId": "eccc054e-7db6-4d71-8efa-ce85736bf9a0", "timestamp": "2024-09-27T10:28:59"}, {"role": "bot", "text": "Xin chào! Tôi có thể giúp gì cho bạn hôm nay?", "messageId": "eccc054e-7db6-4d71-8efa-ce85736bf9a0", "timestamp": "2024-09-27T10:28:59"}]	2024-09-27 10:28:59.700645	2024-09-27 10:28:59.700645
a8f31ed9-7d8d-4242-b6bb-ba411287f209	giangdh	36d491a8-0f40-4218-ab7d-d115d4099f00	35	[{"role": "user", "text": "", "messageId": "55e75a0b-e9b2-49e5-b91f-1d35828a621b", "timestamp": "2024-09-27T10:58:56"}, {"role": "bot", "text": "Xin chào! Tôi có thể giúp gì cho bạn hôm nay? Nếu bạn cần tạo một bài nghiên cứu, hãy cho tôi biết từ khóa hoặc chủ đề bạn đang quan tâm.", "messageId": "55e75a0b-e9b2-49e5-b91f-1d35828a621b", "timestamp": "2024-09-27T10:58:56"}]	2024-09-27 10:58:56.619816	2024-09-27 10:58:56.619816
081f3fed-1ab5-4dfa-b438-b527b33235e2	phuongpd	0eee54d8-fd49-4489-a032-c6427fa92018	10	[{"role": "user", "text": "", "messageId": "d005a4b7-1352-4c62-9237-8f3668181afe", "timestamp": "2024-09-27T15:05:09"}, {"role": "bot", "text": "Xin chào! Bạn cần giúp đỡ gì hôm nay?", "messageId": "d005a4b7-1352-4c62-9237-8f3668181afe", "timestamp": "2024-09-27T15:05:09"}]	2024-09-27 15:05:09.939488	2024-09-27 15:05:09.939488
958b8647-5568-45aa-a058-edc69d25b9c2	phuongpd	db146dbe-8afe-4655-be41-e2e4cdbda3da	98	[{"role": "user", "text": "", "messageId": "dccb7b91-e1bb-423f-a299-39f505392baf", "timestamp": "2024-09-27T16:50:38"}, {"role": "bot", "text": "Xin chào! Bạn có cần hỗ trợ gì trong việc nghiên cứu hay viết bài không? Hãy cho tôi biết từ khóa hoặc tải lên tệp nếu có nhé!", "messageId": "dccb7b91-e1bb-423f-a299-39f505392baf", "timestamp": "2024-09-27T16:50:38"}, {"role": "user", "text": "Xin chào", "messageId": "5528d7b2-d368-495b-b002-297d2b8c1cbd", "timestamp": "2024-09-27T16:50:41"}, {"role": "bot", "text": "Xin chào! Tôi có thể giúp gì cho bạn hôm nay? Nếu bạn cần viết một bài nghiên cứu hoặc có câu hỏi về một chủ đề nào đó, hãy cho tôi biết!", "messageId": "5528d7b2-d368-495b-b002-297d2b8c1cbd", "timestamp": "2024-09-27T16:50:41"}, {"role": "user", "text": "Tôi vừa up rồi", "messageId": "16df3b8d-d248-4f5c-918e-be4cc0996735", "timestamp": "2024-09-27T16:55:01"}, {"role": "bot", "text": "Xin lỗi, nhưng tôi chưa nhận được tệp của bạn. Bạn có thể thử tải lên lại không? Cảm ơn bạn!", "messageId": "16df3b8d-d248-4f5c-918e-be4cc0996735", "timestamp": "2024-09-27T16:55:01"}]	2024-09-28 06:50:38.530834	2024-09-27 16:55:00.292846
5fa383e9-fba2-4bae-9cb2-93128067a518	giangdh	bffd642a-e9e8-4f3c-a6c4-dd031611fa44	71	[{"role": "user", "text": "", "messageId": "69074699-e7aa-49c3-b19a-b0f9fc43b192", "timestamp": "2024-09-27T16:55:24"}, {"role": "bot", "text": "Xin chào! Bạn cần giúp đỡ gì hôm nay?", "messageId": "69074699-e7aa-49c3-b19a-b0f9fc43b192", "timestamp": "2024-09-27T16:55:24"}, {"role": "user", "text": "Tôi muốn biết nộin dung tài liệu đã up", "messageId": "4e94c4c7-71ee-4421-8b2a-ae9f82474906", "timestamp": "2024-09-27T17:00:02"}, {"role": "bot", "text": "Xin vui lòng cung cấp thông tin về file tài liệu bạn đã tải lên, hoặc cho tôi biết một từ khóa nào bạn muốn nghiên cứu. Nếu bạn đã tải lên một file, tôi sẽ sử dụng nó để tạo tài liệu nghiên cứu cho bạn.", "messageId": "4e94c4c7-71ee-4421-8b2a-ae9f82474906", "timestamp": "2024-09-27T17:00:02"}]	2024-09-27 23:55:24.548763	2024-09-27 16:59:59.950769
abc4a704-0ed5-475a-b6d8-1328ce463f9d	ducbq	ebf5ed21-ec79-4d1a-a9ce-5592db63ab49	234	[{"role": "user", "text": "", "messageId": "8d6c5ee4-d663-4166-96c3-109e1c4f3357", "timestamp": "2024-09-27T16:59:08"}, {"role": "bot", "text": "Xin chào! Bạn có thể cho tôi biết cần giúp đỡ gì không? Cần tạo một bài nghiên cứu hay cần thông tin về một chủ đề nào đó?", "messageId": "8d6c5ee4-d663-4166-96c3-109e1c4f3357", "timestamp": "2024-09-27T16:59:08"}, {"role": "user", "text": "Bạn thấy nội dung chưa?", "messageId": "e5bdd2dd-edfe-477a-bad6-4a2751b6f4ae", "timestamp": "2024-09-27T17:00:45"}, {"role": "bot", "text": "Hiện tại tôi chưa thấy nội dung gì từ bạn. Bạn có thể cung cấp từ khóa hoặc tải lên tệp tin nếu có để tôi có thể giúp bạn tạo bài nghiên cứu.", "messageId": "e5bdd2dd-edfe-477a-bad6-4a2751b6f4ae", "timestamp": "2024-09-27T17:00:45"}, {"role": "user", "text": "c2968f0f-799c-4f05-b836-7ce6ffe59671", "messageId": "096785b6-c76e-4574-a0f6-79b51db9b5a3", "timestamp": "2024-09-27T17:00:55"}, {"role": "bot", "text": "Tôi đã lấy được nội dung từ chunk ID bạn cung cấp. Đây là những điểm chính mà tôi đã tìm thấy:\\n\\n- Test ID 1: \\"Hello World\\"\\n- Test ID 2: \\"abcdefgh\\"\\n\\nBạn có muốn tôi tiếp tục tạo một bài nghiên cứu dựa trên những nội dung này hoặc có một từ khóa nào khác mà bạn muốn tôi sử dụng không?", "messageId": "096785b6-c76e-4574-a0f6-79b51db9b5a3", "timestamp": "2024-09-27T17:00:55"}, {"role": "user", "text": "40cc7d7e-5e52-4e0d-aa24-677603dda34f", "messageId": "117425e0-9560-4c5d-83f4-90eb289d0d4c", "timestamp": "2024-09-27T17:01:43"}, {"role": "bot", "text": "Tôi đã lấy được nội dung từ chunk ID bạn mới cung cấp. Thông tin cụ thể từ chunk này là:\\n\\n- Test ID 1: \\"Hello World\\"\\n- Test ID 2: \\"abcdefgh\\"\\n\\nBạn có muốn tôi tiếp tục tạo một bài nghiên cứu dựa trên những nội dung này hoặc có một từ khóa nào khác mà bạn muốn tôi sử dụng không?", "messageId": "117425e0-9560-4c5d-83f4-90eb289d0d4c", "timestamp": "2024-09-27T17:01:43"}]	2024-09-28 13:59:08.810971	2024-09-27 17:01:34.435141
96757d48-3db6-46d6-a68e-f877975acff4	phuongpd	18b3de58-e340-487b-866d-d2691332e46b	108	[{"role": "user", "text": "", "messageId": "fa0660be-580f-4e97-af45-693e5d8c69c6", "timestamp": "2024-09-28T23:32:39"}, {"role": "bot", "text": "Xin chào! Bạn cần tôi giúp đỡ gì hôm nay?", "messageId": "fa0660be-580f-4e97-af45-693e5d8c69c6", "timestamp": "2024-09-28T23:32:39"}, {"role": "user", "text": "Xin chào, hãy giúp tôi viết nội dung báo cáo nhé", "messageId": "2c1f5718-2db2-432d-a329-0f8080bd6d5a", "timestamp": "2024-09-28T23:33:22"}, {"role": "bot", "text": "Chắc chắn rồi! Bạn có thể cho tôi biết từ khóa hoặc chủ đề mà bạn muốn viết báo cáo về không? Nếu có tệp tin nào liên quan mà bạn muốn tải lên, bạn cũng có thể làm điều đó.", "messageId": "2c1f5718-2db2-432d-a329-0f8080bd6d5a", "timestamp": "2024-09-28T23:33:22"}, {"role": "user", "text": "Tôi đã tải rồi", "messageId": "747c6662-2488-4321-b3c1-f2b6f676eb0f", "timestamp": "2024-09-28T23:33:32"}, {"role": "bot", "text": "Tôi chưa thấy tệp tin nào được tải lên. Bạn có thể thử tải lại tệp đó không? Hoặc bạn cũng có thể cung cấp từ khóa cho tôi để chúng ta bắt đầu.", "messageId": "747c6662-2488-4321-b3c1-f2b6f676eb0f", "timestamp": "2024-09-28T23:33:32"}]	2024-09-29 13:32:39.187889	2024-09-28 23:33:30.094429
1d75f87a-534b-43b0-ac0e-a2ec3ce8c6ef	vyvt	b7385167-975f-4985-a683-ba556864756b	10	[{"role": "user", "text": "", "messageId": "bdee28dd-8254-4987-9edc-23f9897ccc1e", "timestamp": "2024-09-28T23:39:26"}, {"role": "bot", "text": "Xin chào! Bạn cần hỗ trợ gì hôm nay?", "messageId": "bdee28dd-8254-4987-9edc-23f9897ccc1e", "timestamp": "2024-09-28T23:39:26"}]	2024-09-28 23:39:26.665062	2024-09-28 23:39:26.665062
3441573b-4bda-4adb-bfb8-04f853e9bef6	ducbq	19cf0f74-4a54-4ab2-a725-eb261da17a17	32	[{"role": "user", "text": "", "messageId": "e84309c8-a93d-42a2-b83b-7ffde9c1a975", "timestamp": "2024-09-28T23:40:10"}, {"role": "bot", "text": "Xin chào! Tôi có thể giúp gì cho bạn hôm nay? Nếu bạn cần viết một bài nghiên cứu hoặc có câu hỏi cụ thể nào, hãy cho tôi biết!", "messageId": "e84309c8-a93d-42a2-b83b-7ffde9c1a975", "timestamp": "2024-09-28T23:40:10"}]	2024-09-28 23:40:10.190082	2024-09-28 23:40:10.190082
4d22ff77-1688-4bd8-a35d-c7e3f4cbe2fc	anhln	496d7301-5ea7-429d-82fa-2824edfcb09c	228	[{"role": "user", "text": "", "messageId": "66c5534a-5845-44a2-a189-0c148f4e49cd", "timestamp": "2024-09-28T23:45:04"}, {"role": "bot", "text": "Xin chào! Tôi có thể giúp gì cho bạn hôm nay? Nếu bạn cần viết một bài nghiên cứu, vui lòng cung cấp từ khóa hoặc tải lên tập tin nếu có.", "messageId": "66c5534a-5845-44a2-a189-0c148f4e49cd", "timestamp": "2024-09-28T23:45:04"}, {"role": "user", "text": "hãy viết báo cáo với tài liệu của tôi", "messageId": "4e3d85ee-10a9-48fc-a983-7955911412f9", "timestamp": "2024-09-28T23:49:10"}, {"role": "bot", "text": "Xin vui lòng tải lên tài liệu của bạn để tôi có thể xem và bắt đầu viết báo cáo.", "messageId": "4e3d85ee-10a9-48fc-a983-7955911412f9", "timestamp": "2024-09-28T23:49:10"}, {"role": "user", "text": "tôi đã tải lên rồi", "messageId": "dfb1d82a-ae77-48f3-8379-0a458e998905", "timestamp": "2024-09-28T23:49:19"}, {"role": "bot", "text": "Tôi chưa nhận được tệp tin từ bạn. Vui lòng thử tải lên lại để tôi có thể sử dụng tài liệu đó cho báo cáo của bạn.", "messageId": "dfb1d82a-ae77-48f3-8379-0a458e998905", "timestamp": "2024-09-28T23:49:19"}, {"role": "user", "text": "Tôi đã up tài liệu lên rồi", "messageId": "c8d26d53-4f00-4440-a14e-3725d199a93f", "timestamp": "2024-09-29T00:05:23"}, {"role": "bot", "text": "Có vẻ như không có tệp nào được nhận diện. Bạn có thể làm ơn kiểm tra lại và thử tải lên một lần nữa không? Tôi sẵn sàng hỗ trợ bạn!", "messageId": "c8d26d53-4f00-4440-a14e-3725d199a93f", "timestamp": "2024-09-29T00:05:23"}, {"role": "user", "text": "bạn cứ thử kiểm tra lại đi", "messageId": "748a1b49-a91b-4750-93c9-a7edfb83b961", "timestamp": "2024-09-29T00:05:48"}, {"role": "bot", "text": "Tôi sẽ kiểm tra lại để xem có nhận được bất kỳ tệp nào không. Xin vui lòng chờ một chút.Tôi đã nhận được mã chunk_id nhưng không tìm thấy nội dung liên quan. Để tiến hành viết báo cáo, bạn có thể vui lòng cung cấp từ khóa cho chủ đề bạn muốn viết không? Hoặc nếu bạn có thể thử tải lên tệp tin khác, hãy cho tôi biết.", "messageId": "748a1b49-a91b-4750-93c9-a7edfb83b961", "timestamp": "2024-09-29T00:05:48"}]	2024-09-30 03:45:04.292728	2024-09-29 00:05:40.612865
7e83a820-6179-4c04-a9fd-59f19d174f21	ducbq	4c1cb189-b04f-4ff8-80aa-a94e8f7e01a8	3253	[{"role": "user", "text": "", "messageId": "ded9abe1-a53f-4386-b6a7-01b6a91ff7d9", "timestamp": "2024-09-28T00:14:31"}, {"role": "bot", "text": "Xin chào! Bạn cần hỗ trợ gì hôm nay?", "messageId": "ded9abe1-a53f-4386-b6a7-01b6a91ff7d9", "timestamp": "2024-09-28T00:14:31"}, {"role": "user", "text": "Xin chào", "messageId": "5463d2c8-5f0f-4ed4-b3b2-8a80e4ce7a59", "timestamp": "2024-09-28T00:14:37"}, {"role": "bot", "text": "Xin chào! Bạn có câu hỏi hay yêu cầu nào không? Tôi ở đây để giúp bạn!", "messageId": "5463d2c8-5f0f-4ed4-b3b2-8a80e4ce7a59", "timestamp": "2024-09-28T00:14:37"}, {"role": "user", "text": "Cho tôi biết nội dung file vừa nhập", "messageId": "32163ef9-11fe-4d12-8cd2-02fbc98b80ac", "timestamp": "2024-09-28T00:15:39"}, {"role": "bot", "text": "Hiện tại tôi không thể truy cập nội dung của file mà bạn đã nhập. Tuy nhiên, nếu bạn cung cấp cho tôi một từ khóa hoặc một chunk ID, tôi có thể giúp bạn tạo ra một bài nghiên cứu hoặc cung cấp thông tin liên quan. Bạn có muốn tiếp tục không?", "messageId": "32163ef9-11fe-4d12-8cd2-02fbc98b80ac", "timestamp": "2024-09-28T00:15:39"}, {"role": "user", "text": "tôi đã cung cấp từ đầu rồi", "messageId": "aeacbd70-c2eb-4691-81bc-92749c689a8b", "timestamp": "2024-09-28T00:17:22"}, {"role": "bot", "text": "Tôi xin lỗi vì sự hiểu lầm. Nếu bạn có bất kỳ chunk ID nào hoặc thông tin liên quan, vui lòng cung cấp lại để tôi có thể hỗ trợ bạn tốt hơn. Cảm ơn bạn!", "messageId": "aeacbd70-c2eb-4691-81bc-92749c689a8b", "timestamp": "2024-09-28T00:17:22"}, {"role": "user", "text": "oke", "messageId": "fbd3eb35-b59b-4208-be93-457201f1fa3d", "timestamp": "2024-09-28T00:21:07"}, {"role": "bot", "text": "Cảm ơn bạn! Bạn có muốn cung cấp một từ khóa hoặc một chunk ID để tôi có thể bắt đầu tạo bài nghiên cứu không?", "messageId": "fbd3eb35-b59b-4208-be93-457201f1fa3d", "timestamp": "2024-09-28T00:21:07"}, {"role": "user", "text": "viết cho tôi về dầu khí", "messageId": "1d766b6d-b9be-4d18-9ba2-65d6218a7956", "timestamp": "2024-09-28T00:21:27"}, {"role": "bot", "text": "Tuyệt vời! Tôi sẽ bắt đầu xây dựng một bài nghiên cứu về \\"Dầu khí\\". \\n\\nTrước tiên, tôi sẽ tạo một dàn bài chi tiết cho bài nghiên cứu này. Quá trình này sẽ bao gồm các phần sau:\\n\\n1. Giới thiệu\\n   - Định nghĩa và khái quát về dầu khí\\n   - Tầm quan trọng của công nghiệp dầu khí\\n\\n2. Cấu trúc và Thành phần của Dầu khí\\n   - Các loại dầu khí\\n   - Thành phần hóa học\\n\\n3. Khai thác và Sản xuất Dầu khí\\n   - Quy trình khai thác\\n   - Công nghệ trong ngành dầu khí\\n\\n4. Ứng dụng của Dầu khí\\n   - Năng lượng\\n   - Nguyên liệu hóa học\\n\\n5. Tác động đến Môi trường và Kinh tế\\n   - Tác động tích cực\\n   - Tác động tiêu cực và các biện pháp khắc phục\\n\\n6. Xu hướng và Tương lai của Ngành Dầu khí\\n   - Nghiên cứu và phát triển\\n   - Chuyển đổi năng lượng\\n\\n7. Kết luận\\n   - Tổng kết lại vai trò của dầu khí trong nền kinh tế toàn cầu\\n\\nDàn bài này có phù hợp với yêu cầu của bạn không, hay bạn muốn chỉnh sửa thêm phần nào?", "messageId": "1d766b6d-b9be-4d18-9ba2-65d6218a7956", "timestamp": "2024-09-28T00:21:27"}, {"role": "user", "text": "oke rồi", "messageId": "369cdfd0-7407-4fe7-8ce6-b2629350b5e8", "timestamp": "2024-09-28T00:21:37"}, {"role": "bot", "text": "Tuyệt vời! Bây giờ tôi sẽ viết từng phần của bài nghiên cứu theo dàn bài đã chỉ định. Bắt đầu với phần đầu tiên: Giới thiệu về dầu khí.\\n\\n### 1. Giới thiệu\\n\\nDầu khí, bao gồm dầu thô và khí tự nhiên, là một trong những nguồn năng lượng quan trọng nhất trên thế giới. Được hình thành hàng triệu năm từ sự phân hủy của các sinh vật biển dưới áp lực và nhiệt độ cao, dầu khí không chỉ đáp ứng nhu cầu năng lượng toàn cầu mà còn đóng vai trò quan trọng trong ngành công nghiệp hóa chất và sản xuất hàng hóa tiêu dùng.\\n\\nTầm quan trọng của ngành dầu khí được thể hiện qua sự chi phối của nó đối với nền kinh tế toàn cầu. Dầu khí không chỉ là nguồn năng lượng chính để sản xuất điện và nhiên liệu cho phương tiện giao thông mà còn là nguyên liệu đầu vào cho nhiều ngành công nghiệp khác nhau, bao gồm hóa dầu, dược phẩm và phân bón.\\n\\nNgành công nghiệp dầu khí có quy mô lớn và phức tạp, bao gồm nhiều hoạt động từ tìm kiếm, khai thác đến chế biến và phân phối. Sự phát triển của công nghệ đã dẫn đến những cải tiến đáng kể trong quy trình khai thác và giảm thiểu tác động đến môi trường, nhưng đồng thời cũng đưa ra nhiều thách thức trong bối cảnh biến đổi khí hậu và nhu cầu ngày càng tăng về năng lượng bền vững.\\n\\n---\\n\\nTiếp theo, tôi sẽ viết phần 2: Cấu trúc và Thành phần của Dầu khí.", "messageId": "369cdfd0-7407-4fe7-8ce6-b2629350b5e8", "timestamp": "2024-09-28T00:21:37"}, {"role": "user", "text": "oke rồi", "messageId": "ef002411-94f7-4d29-8cba-03a52b55cc10", "timestamp": "2024-09-28T00:21:46"}, {"role": "bot", "text": "### 2. Cấu trúc và Thành phần của Dầu khí\\n\\nDầu khí là một hỗn hợp phức tạp bao gồm nhiều loại hydrocarbon khác nhau, cùng với một số hợp chất hóa học khác. Dưới đây là các điểm chính về cấu trúc và thành phần của dầu khí:\\n\\n#### 2.1. Các loại dầu khí\\n\\n- **Dầu thô:** Là dạng lỏng của dầu khí, thường được tìm thấy trong các mỏ dầu dưới lòng đất. Dầu thô không tinh chế có chứa nhiều tạp chất và cần qua quy trình tinh chế để trở thành sản phẩm sử dụng được, như xăng, dầu diesel, và nhiên liệu máy bay.\\n\\n- **Khí tự nhiên:** Là dạng khí của hydrocarbon, chủ yếu bao gồm metan (CH₄), đôi khi cũng chứa etan, propan và butan. Khí tự nhiên là nguồn năng lượng sạch hơn so với dầu thô và được sử dụng rộng rãi trong sản xuất điện, sưởi ấm và làm nhiên liệu cho xe hơi.\\n\\n#### 2.2. Thành phần hóa học\\n\\n- **Hydrocarbon:** Các hợp chất chính trong dầu khí đều là hydrocarbon, được phân loại thành ba nhóm:\\n  - **Hydrocarbon bão hòa (Alkanes):** Ví dụ như metan, etan, propane và butane.\\n  - **Hydrocarbon không bão hòa (Alkenes và Alkynes):** Bao gồm ethylene và acetylene.\\n  - **Hydrocarbon thơm:** Ví dụ như benzen và toluene, thường có trong dầu thô.\\n\\n- **Các hợp chất khác:** Ngoài hydrocarbon, dầu khí còn chứa một số hợp chất như lưu huỳnh, nitơ, và oxy. Những hợp chất này có thể ảnh hưởng đến chất lượng của dầu thô và cần được loại bỏ trong quá trình chế biến.\\n\\nCấu trúc và thành phần của dầu khí có ảnh hưởng lớn đến cách thức khai thác và chế biến chúng, cũng như đến tính chất môi trường của sản phẩm cuối cùng.\\n\\n---\\n\\nTiếp theo, tôi sẽ viết phần 3: Khai thác và Sản xuất Dầu khí.", "messageId": "ef002411-94f7-4d29-8cba-03a52b55cc10", "timestamp": "2024-09-28T00:21:46"}, {"role": "user", "text": "oke rồi", "messageId": "bfd03785-75a5-49d7-b485-4c3f7132699a", "timestamp": "2024-09-28T00:22:13"}, {"role": "bot", "text": "### 3. Khai thác và Sản xuất Dầu khí\\n\\nKhai thác và sản xuất dầu khí là một quy trình phức tạp, bao gồm nhiều giai đoạn từ tìm kiếm mỏ đến khai thác và chế biến. Dưới đây là cái nhìn tổng quan về quy trình này:\\n\\n#### 3.1. Quy trình khai thác\\n\\n- **Khảo sát địa chất:** Trước khi khai thác, các nhà khoa học sẽ tiến hành khảo sát địa chất để xác định vị trí và tiềm năng của mỏ dầu. Công nghệ địa chấn là công nghệ phổ biến được sử dụng để phát hiện các cấu trúc địa chất có khả năng chứa dầu khí.\\n\\n- **Khoan tìm kiếm:** Sau khi xác định được khu vực có khả năng chứa dầu khí, quy trình khoan tìm kiếm sẽ được thực hiện. Các giếng khoan sẽ được khoan xuống lòng đất để lấy mẫu và kiểm tra sự hiện diện của dầu khí.\\n\\n- **Khai thác:** Khi một mỏ dầu được xác định, các thiết bị khai thác sẽ được đưa vào khu vực đó. Các giếng khoan sẽ được đặt để đưa dầu khí lên bề mặt. Khó khăn trong việc khai thác có thể gặp phải khi áp lực trong mỏ giảm hay khi dầu khí ở các tầng địa chất sâu hơn.\\n\\n#### 3.2. Công nghệ trong ngành dầu khí\\n\\n- **Công nghệ khoan:** Sự phát triển của công nghệ khoan đã cho phép khai thác dầu khí từ các địa điểm khó tiếp cận, như dưới đáy đại dương hay trong các tầng đá phiến.\\n\\n- **Chế biến:** Dầu thô sau khi khai thác cần được chế biến để tách biệt các thành phần và loại bỏ tạp chất. Các nhà máy lọc dầu sử dụng quy trình chưng cất để phân tách dầu thành các sản phẩm khác nhau như xăng, dầu diesel, và khí hóa lỏng.\\n\\n- **Vận chuyển:** Dầu khí sau khi được chế biến sẽ được vận chuyển đến các thị trường tiêu thụ thông qua đường ống, tàu chở dầu, và xe tải. Việc quản lý logistics vận chuyển là rất quan trọng để đảm bảo nguồn cung và giảm chi phí.\\n\\nNgành công nghiệp dầu khí không chỉ đóng góp vào sự cung cấp năng lượng toàn cầu mà còn là một lĩnh vực cạnh tranh và phát triển công nghệ cao.\\n\\n---\\n\\nTiếp theo, tôi sẽ viết phần 4: Ứng dụng của Dầu khí.", "messageId": "bfd03785-75a5-49d7-b485-4c3f7132699a", "timestamp": "2024-09-28T00:22:13"}, {"role": "user", "text": "oke rồi", "messageId": "c4b3ee9e-3386-432f-80ee-b1937f9ca71e", "timestamp": "2024-09-28T00:22:22"}, {"role": "bot", "text": "### 4. Ứng dụng của Dầu khí\\n\\nDầu khí có vai trò quan trọng trong nền kinh tế toàn cầu, với nhiều ứng dụng khác nhau trong các lĩnh vực năng lượng và công nghiệp. Sau đây là một số ứng dụng chủ yếu của dầu khí:\\n\\n#### 4.1. Năng lượng\\n\\n- **Nhiên liệu:** Dầu khí đóng vai trò chính trong cung cấp nhiên liệu cho phương tiện giao thông, như ô tô, xe tải, tàu thủy và máy bay. Xăng, dầu diesel và khí tự nhiên là các dạng nhiên liệu phổ biến được sản xuất từ dầu khí.\\n\\n- **Phát điện:** Khí tự nhiên được sử dụng rộng rãi trong các nhà máy điện để tạo ra điện năng. Việc sử dụng khí tự nhiên để phát điện có ưu điểm là tạo ra ít khí thải hơn so với các nguồn năng lượng khác, như than đá.\\n\\n#### 4.2. Nguyên liệu hóa học\\n\\n- **Hóa dầu:** Dầu khí là nguồn cung cấp chính cho ngành hóa dầu, nơi mà các hợp chất từ dầu thô hoặc khí tự nhiên được sử dụng để sản xuất ra các nguyên liệu hóa học cơ bản. Những nguyên liệu này sau đó được sử dụng để sản xuất nhiều sản phẩm, bao gồm nhựa, sợi tổng hợp, và phân bón.\\n\\n- **Dược phẩm:** Nhiều hợp chất hóa học có nguồn gốc từ dầu khí cũng được sử dụng trong ngành công nghiệp dược phẩm, làm nguyên liệu cho các loại thuốc và hóa chất chữa bệnh.\\n\\n- **Hóa chất công nghiệp:** Dầu khí được sử dụng sản xuất một loạt các hóa chất công nghiệp khác, như dung môi, chất tạo màu và chất phụ gia.\\n\\nCác ứng dụng đa dạng này cho thấy rằng dầu khí không chỉ là một nguồn năng lượng quan trọng mà còn là nguyên liệu đầu vào thiết yếu cho nhiều ngành công nghiệp khác nhau.\\n\\n---\\n\\nTiếp theo, tôi sẽ viết phần 5: Tác động đến Môi trường và Kinh tế.", "messageId": "c4b3ee9e-3386-432f-80ee-b1937f9ca71e", "timestamp": "2024-09-28T00:22:22"}, {"role": "user", "text": "oke rồi", "messageId": "7bd2cf37-333f-4286-8547-c2ad8bad1304", "timestamp": "2024-09-28T00:22:31"}, {"role": "bot", "text": "### 5. Tác động đến Môi trường và Kinh tế\\n\\nNgành dầu khí không chỉ mang lại lợi ích kinh tế mà còn gây ra một số tác động đáng kể đến môi trường. Dưới đây là cái nhìn tổng quan về các tác động tích cực và tiêu cực của ngành này.\\n\\n#### 5.1. Tác động tích cực\\n\\n- **Tăng trưởng kinh tế:** Ngành dầu khí đóng góp lớn vào GDP của nhiều quốc gia, tạo ra hàng triệu việc làm và thúc đẩy các lĩnh vực phụ trợ như dịch vụ kỹ thuật, xây dựng và vận tải.\\n\\n- **Đầu tư vào công nghệ mới:** Ngành này thường xuyên đầu tư vào nghiên cứu và phát triển công nghệ, giúp cải thiện hiệu quả khai thác và chế biến, đồng thời tạo ra các giải pháp mới cho vấn đề năng lượng.\\n\\n#### 5.2. Tác động tiêu cực\\n\\n- **Ô nhiễm môi trường:** Khai thác và vận chuyển dầu khí có thể dẫn đến ô nhiễm đất, không khí và nước. Các vụ rò rỉ dầu có thể gây ra thiệt hại nghiêm trọng cho hệ sinh thái và sinh vật biển.\\n\\n- **Biến đổi khí hậu:** Việc sử dụng nhiên liệu hóa thạch như dầu và khí tự nhiên là một trong những nguyên nhân chính gây ra phát thải khí nhà kính, dẫn đến biến đổi khí hậu toàn cầu. Nhiều quốc gia đang phải đối mặt với các thách thức lớn về khí hậu do sự phụ thuộc vào dầu khí.\\n\\n- **Sự săn đuổi tài nguyên:** Việc khai thác dầu khí tại các khu vực nhạy cảm về sinh thái có thể dẫn đến sự suy giảm đa dạng sinh học và làm tổn hại đến các cộng đồng địa phương.\\n\\nCác tác động này đòi hỏi sự quản lý và giám sát chặt chẽ từ các cơ quan chức năng, cũng như sự chuyển đổi dần sang các nguồn năng lượng tái tạo bền vững hơn trong tương lai.\\n\\n---\\n\\nTiếp theo, tôi sẽ viết phần 6: Xu hướng và Tương lai của Ngành Dầu khí.", "messageId": "7bd2cf37-333f-4286-8547-c2ad8bad1304", "timestamp": "2024-09-28T00:22:31"}, {"role": "user", "text": "oke rồi", "messageId": "151b66d8-c64d-4150-ade6-a755373f73ab", "timestamp": "2024-09-28T00:22:39"}, {"role": "bot", "text": "### 6. Xu hướng và Tương lai của Ngành Dầu khí\\n\\nNgành dầu khí đang trải qua nhiều thay đổi và thách thức trong bối cảnh biến đổi khí hậu và nhu cầu chuyển sang các nguồn năng lượng xanh hơn. Dưới đây là một số xu hướng chính đang định hình tương lai của ngành này:\\n\\n#### 6.1. Nghiên cứu và phát triển\\n\\n- **Công nghệ mới:** Ngành dầu khí ngày càng chú trọng vào việc phát triển và áp dụng công nghệ mới để cải thiện quy trình khai thác và chế biến, từ khoan chìm đến các giải pháp sử dụng trí tuệ nhân tạo trong giám sát và bảo trì.\\n\\n- **Năng lượng tái tạo:** Có sự chuyển hướng mạnh mẽ sang việc nghiên cứu và phát triển năng lượng tái tạo như gió, mặt trời, và các nguồn năng lượng bền vững khác. Nhiều công ty dầu khí đang đầu tư vào phát triển các dự án năng lượng tái tạo nhằm giảm thiểu tác động môi trường và đáp ứng nhu cầu ngày càng tăng về năng lượng sạch.\\n\\n#### 6.2. Chuyển đổi năng lượng\\n\\n- **Chuyển đổi sang năng lượng sạch:** Nhu cầu về năng lượng sạch đang ngày càng gia tăng, buộc ngành dầu khí phải xem xét lại mô hình kinh doanh và tìm kiếm các phương án thay thế cho nhiên liệu hóa thạch.\\n\\n- **Khí tự nhiên như cầu nối:** Khí tự nhiên có thể được coi là cầu nối trong quá trình chuyển đổi năng lượng. Với khả năng sản xuất năng lượng sạch hơn so với dầu, khí tự nhiên đang được cho là một lựa chọn tạm thời trong quá trình chuyển đổi sang năng lượng tái tạo.\\n\\n#### 6.3. Chính sách và quy định\\n\\n- **Chính sách môi trường:** Các quy định về giảm phát thải khí nhà kính đang ngày càng trở nên khắt khe hơn. Các công ty dầu khí đang phải điều chỉnh hoạt động của mình để tuân thủ những quy định này, đồng thời tìm kiếm các giải pháp bền vững.\\n\\n- **Đầu tư bền vững:** Chuyển đổi sang các mô hình kinh doanh bền vững và giảm thiểu tác động lên môi trường cũng đang trở thành một yếu tố quan trọng trong quyết định đầu tư của các nhà đầu tư.\\n\\nNgành dầu khí đang đứng trước nhiều thách thức lớn, nhưng cũng mở ra nhiều cơ hội cho phát triển bền vững trong tương lai.\\n\\n---\\n\\nTiếp theo, tôi sẽ viết phần 7: Kết luận.", "messageId": "151b66d8-c64d-4150-ade6-a755373f73ab", "timestamp": "2024-09-28T00:22:39"}, {"role": "user", "text": "oke rồi", "messageId": "ca3dc083-1ed9-4f1e-81f3-9c6dce0c3e26", "timestamp": "2024-09-28T00:23:11"}, {"role": "bot", "text": "### 7. Kết luận\\n\\nNgành dầu khí đóng vai trò thiết yếu trong nền kinh tế toàn cầu, cung cấp nguồn năng lượng chính và nguyên liệu cho nhiều ngành công nghiệp. Tuy nhiên, sự phát triển của ngành này cũng đặt ra nhiều thách thức lớn đối với môi trường và bền vững.\\n\\nQua việc khảo sát cấu trúc, ứng dụng, cũng như những tác động lên môi trường và kinh tế, chúng ta có thể thấy rằng mặc dù dầu khí vẫn là nguồn năng lượng quan trọng, nhưng để đáp ứng nhu cầu ngày càng tăng về năng lượng bền vững, ngành này cần phải đổi mới và chuyển mình. Công nghệ tiên tiến, sự chuyển đổi sang năng lượng tái tạo, và các chính sách bảo vệ môi trường sẽ là những yếu tố then chốt trong việc định hình tương lai của ngành dầu khí.\\n\\nViệc tìm ra phương thức khai thác và sử dụng dầu khí hợp lý, hiệu quả và bền vững không chỉ là thách thức lớn của ngành mà còn là trách nhiệm của toàn xã hội. Chúng ta cần phối hợp chặt chẽ để tạo ra những bước tiến phù hợp, vừa đảm bảo an ninh năng lượng, vừa bảo vệ môi trường và sức khỏe cộng đồng.\\n\\n---\\n\\nVậy là bài nghiên cứu về \\"Dầu khí\\" đã hoàn thành. Nếu bạn có yêu cầu thêm hay cần chỉnh sửa gì, hãy cho tôi biết nhé! Nếu không, tôi sẽ lưu bài nghiên cứu này lại.", "messageId": "ca3dc083-1ed9-4f1e-81f3-9c6dce0c3e26", "timestamp": "2024-09-28T00:23:11"}, {"role": "user", "text": "oke rồi", "messageId": "8d607cfc-537b-40f2-a8cc-67809b9d7d17", "timestamp": "2024-09-28T00:24:39"}, {"role": "bot", "text": "Bài nghiên cứu về \\"Dầu khí\\" đã được lưu thành công. Bạn có thể tham khảo tài liệu với ID sau: **a6324848-a33d-49be-a155-6b0a70d4ede6**.\\n\\nNếu bạn cần thêm bất kỳ thông tin gì hay yêu cầu khác, hãy cho tôi biết nhé!", "messageId": "8d607cfc-537b-40f2-a8cc-67809b9d7d17", "timestamp": "2024-09-28T00:24:39"}]	2024-10-01 19:14:31.340783	2024-09-28 00:23:53.280705
4c5e677a-3d50-4683-9e04-45b4d78c265f	vyvt	863b2912-1bbc-4c74-934b-cd140adc74a3	10	[{"role": "user", "text": "", "messageId": "d60c20dc-30a9-4492-8e46-45d585ff26dd", "timestamp": "2024-09-28T00:29:14"}, {"role": "bot", "text": "Xin chào! Bạn cần tôi giúp gì hôm nay?", "messageId": "d60c20dc-30a9-4492-8e46-45d585ff26dd", "timestamp": "2024-09-28T00:29:14"}]	2024-09-28 00:29:14.261161	2024-09-28 00:29:14.261161
4c2abbcb-dc1e-4fb2-a158-d3be652a4b5a	anhln	91fd2e20-0e7f-4383-9cec-770366572af8	9	[{"role": "user", "text": "", "messageId": "8c4d4e6e-4794-4e45-a6f4-fb4eb59aef39", "timestamp": "2024-09-28T00:31:46"}, {"role": "bot", "text": "Xin chào! Bạn cần giúp gì hôm nay?", "messageId": "8c4d4e6e-4794-4e45-a6f4-fb4eb59aef39", "timestamp": "2024-09-28T00:31:46"}]	2024-09-28 00:31:46.280537	2024-09-28 00:31:46.280537
4470ee2d-881d-4f82-ae06-c0fcbab434d3	ducna	4fef8c5e-96aa-4679-9af7-1b7aa9810117	10	[{"role": "user", "text": "", "messageId": "ad959bd2-1c76-4e6a-9689-a6b4566fb684", "timestamp": "2024-09-28T00:39:49"}, {"role": "bot", "text": "Xin chào! Bạn cần hỗ trợ gì hôm nay?", "messageId": "ad959bd2-1c76-4e6a-9689-a6b4566fb684", "timestamp": "2024-09-28T00:39:49"}]	2024-09-28 00:39:49.383173	2024-09-28 00:39:49.383173
\.


--
-- Data for Name: upload_files; Type: TABLE DATA; Schema: public; Owner: phuongpd
--

COPY public.upload_files (file_id, user_id, session_id, conversation_id, file_name, file_path, file_size, mime_type, created_at, created_by, updated_at, updated_by) FROM stdin;
0b0ca7ac00475c612ee8aef8be09669845fe4a99889ff1382a2555493aa7c5fe	phuongpd	5993a384-029f-4123-bac0-76ec921eddee	751179ba-bb83-41ec-a986-7569225282df	conversations.csv	/app/app/static/uploads/conversations.csv	\N	csv	2024-09-26 07:09:53.023157+00	phuongpd	2024-09-26 07:09:53.023157+00	phuongpd
34eecb985538744e0f92d74c965b20f1e17a7ebbc12c71d49af040880807bcf4	phuongpd	5993a384-029f-4123-bac0-76ec921eddee	751179ba-bb83-41ec-a986-7569225282df	conversation_logs.csv	/app/app/static/uploads/conversation_logs.csv	\N	csv	2024-09-26 07:16:08.127894+00	phuongpd	2024-09-26 07:16:08.127894+00	phuongpd
4a05bc3e941f4ba52ac8d13d0b07c1abb99ae2a036e6411106bd604f520f1ce6	phuongpd	ec5b939e-0be2-4033-97b8-f3d3500a246b	91da27ba-468c-4e47-9ccd-38b1d888b55e	030424_Bai_Writing_so_1.docx	/app/app/static/uploads/030424_Bai_Writing_so_1.docx	\N	docx	2024-09-26 09:33:17.955666+00	phuongpd	2024-09-26 09:33:17.955666+00	phuongpd
1895c3ec5f4f49ce3e184b50cd8358d86b98327c977c3894df1d938b700eac13	phuongpd	ec5b939e-0be2-4033-97b8-f3d3500a246b	91da27ba-468c-4e47-9ccd-38b1d888b55e	cr54e_samplequestions.csv	/app/app/static/uploads/cr54e_samplequestions.csv	\N	csv	2024-09-26 09:35:31.920901+00	phuongpd	2024-09-26 09:35:31.920901+00	phuongpd
10048332273c7ade72d4c5929147a90d5c40262f22a2edc4dc541d06d46c08af	phuongpd	ec5b939e-0be2-4033-97b8-f3d3500a246b	91da27ba-468c-4e47-9ccd-38b1d888b55e	050424_Bai_Writing_so_2.docx	/app/app/static/uploads/050424_Bai_Writing_so_2.docx	\N	docx	2024-09-26 09:43:47.668161+00	phuongpd	2024-09-26 09:43:47.668161+00	phuongpd
04b88b42147385df9f95c0240611a6869c3aa565067d013be5d02687a401122b	phuongpd	ec5b939e-0be2-4033-97b8-f3d3500a246b	91da27ba-468c-4e47-9ccd-38b1d888b55e	dataset.csv	/app/app/static/uploads/dataset.csv	\N	csv	2024-09-26 10:06:27.9209+00	phuongpd	2024-09-26 10:06:27.9209+00	phuongpd
93afd13f7ea8f97adce41a976375bcd93949e944ea651cde536da5af1d877b40	phuongpd	3d34005c-e74a-4992-9ffc-6ca457eecbac	eccd38ad-bb1a-491a-896e-b5d3f7db1382	Writing_so_2_.docx	/app/app/static/uploads/Writing_so_2_.docx	\N	docx	2024-09-26 10:48:56.596467+00	phuongpd	2024-09-26 10:48:56.596467+00	phuongpd
dadc0fa378041972a010da2734bd008c00cc5fbd4c39da4b855daf296ff60505	ducbq	08d31348-b290-41e0-8b1f-be42645d1b59	566252d4-e02d-4a96-92f5-d0473725ea77	Tham_luan.docx	/app/app/static/uploads/Tham_luan.docx	\N	docx	2024-09-27 03:42:14.755323+00	ducbq	2024-09-27 03:42:14.755323+00	ducbq
34ef454559c3faa87f4e72f5ad58453e017d7238fd7381482f231a9b5f57782c	ducbq	08d31348-b290-41e0-8b1f-be42645d1b59	566252d4-e02d-4a96-92f5-d0473725ea77	feedback.csv	/app/app/static/uploads/feedback.csv	\N	csv	2024-09-27 03:42:48.811737+00	ducbq	2024-09-27 03:42:48.811737+00	ducbq
beecc211-8d31-4944-999b-acd9be0e8868	giangdh	36d491a8-0f40-4218-ab7d-d115d4099f00	a8f31ed9-7d8d-4242-b6bb-ba411287f209	conversations.csv	/app/app/static/uploads/conversations.csv	\N	csv	2024-09-27 04:03:36.83949+00	giangdh	2024-09-27 04:03:36.83949+00	giangdh
b220bc1b-c26f-4886-aaa5-7fe9ec302155	giangdh	36d491a8-0f40-4218-ab7d-d115d4099f00	a8f31ed9-7d8d-4242-b6bb-ba411287f209	Bai_Writing_so_1.docx	/app/app/static/uploads/Bai_Writing_so_1.docx	\N	docx	2024-09-27 04:03:48.557798+00	giangdh	2024-09-27 04:03:48.557798+00	giangdh
dd5f6caf-8350-4b89-9765-5cb9c0fbbc9d	phuongpd	0eee54d8-fd49-4489-a032-c6427fa92018	081f3fed-1ab5-4dfa-b438-b527b33235e2	Tham_luan.docx	/app/app/static/uploads/Tham_luan.docx	\N	docx	2024-09-27 08:05:24.861615+00	phuongpd	2024-09-27 08:05:24.861615+00	phuongpd
77a7c015-890e-46f0-ae32-6bd060e69d9a	phuongpd	db146dbe-8afe-4655-be41-e2e4cdbda3da	958b8647-5568-45aa-a058-edc69d25b9c2	conversations.csv	/app/app/static/uploads/conversations.csv	\N	csv	2024-09-27 09:54:53.072474+00	phuongpd	2024-09-27 09:54:53.072474+00	phuongpd
c2968f0f-799c-4f05-b836-7ce6ffe59671	giangdh	bffd642a-e9e8-4f3c-a6c4-dd031611fa44	5fa383e9-fba2-4bae-9cb2-93128067a518	Tham_luan.docx	/app/app/static/uploads/Tham_luan.docx	\N	docx	2024-09-27 09:55:33.76601+00	giangdh	2024-09-27 09:55:33.76601+00	giangdh
9917494d-7ad6-46c7-9f2f-a8b6bc8a2d43	ducbq	ebf5ed21-ec79-4d1a-a9ce-5592db63ab49	abc4a704-0ed5-475a-b6d8-1328ce463f9d	conversations.csv	/app/app/static/uploads/conversations.csv	\N	csv	2024-09-27 10:16:26.291547+00	ducbq	2024-09-27 10:16:26.291547+00	ducbq
47bd82b0-d8c7-43ec-81ca-237205314f32	ducbq	ebf5ed21-ec79-4d1a-a9ce-5592db63ab49	abc4a704-0ed5-475a-b6d8-1328ce463f9d	test_file.docx	/app/app/static/uploads/test_file.docx	\N	docx	2024-09-27 10:16:34.118129+00	ducbq	2024-09-27 10:16:34.118129+00	ducbq
d8f8cd31-8729-44f9-96a6-60466004c686	ducbq	4c1cb189-b04f-4ff8-80aa-a94e8f7e01a8	7e83a820-6179-4c04-a9fd-59f19d174f21	030424_Bai_Writing_so_1.docx	/app/app/static/uploads/030424_Bai_Writing_so_1.docx	\N	docx	2024-09-27 17:15:20.137511+00	ducbq	2024-09-27 17:15:20.137511+00	ducbq
be3c9ef4-a679-417f-ad21-a1d91db498fa	ducbq	4c1cb189-b04f-4ff8-80aa-a94e8f7e01a8	7e83a820-6179-4c04-a9fd-59f19d174f21	dataset.csv	/app/app/static/uploads/dataset.csv	\N	csv	2024-09-27 17:25:26.475832+00	ducbq	2024-09-27 17:25:26.475832+00	ducbq
ba7bca4d-45e2-4de4-b6a3-71f231565bc5	vyvt	863b2912-1bbc-4c74-934b-cd140adc74a3	4c5e677a-3d50-4683-9e04-45b4d78c265f	Test.csv	/app/app/static/uploads/Test.csv	\N	csv	2024-09-27 17:30:16.977194+00	vyvt	2024-09-27 17:30:16.977194+00	vyvt
d4d13369-86ed-4626-a36c-c69f0e0c58ea	anhln	91fd2e20-0e7f-4383-9cec-770366572af8	4c2abbcb-dc1e-4fb2-a158-d3be652a4b5a	dataset.csv	/app/app/static/uploads/dataset.csv	\N	csv	2024-09-27 17:31:50.813847+00	anhln	2024-09-27 17:31:50.813847+00	anhln
9ca100fa-1248-4b4a-808e-b4a38dd288ae	ducna	4fef8c5e-96aa-4679-9af7-1b7aa9810117	4470ee2d-881d-4f82-ae06-c0fcbab434d3	dataset.csv	/app/app/static/uploads/dataset.csv	\N	csv	2024-09-27 17:39:59.583072+00	ducna	2024-09-27 17:39:59.583072+00	ducna
813aa45f-6d9a-40a6-844d-12fdceca840a	phuongpd	18b3de58-e340-487b-866d-d2691332e46b	96757d48-3db6-46d6-a68e-f877975acff4	Tham_luan.docx	/app/app/static/uploads/Tham_luan.docx	\N	docx	2024-09-28 16:32:53.282601+00	phuongpd	2024-09-28 16:32:53.282601+00	phuongpd
\.


--
-- Data for Name: users; Type: TABLE DATA; Schema: public; Owner: phuongpd
--

COPY public.users (user_id, name, created_at, updated_at) FROM stdin;
anhln	anhln	2024-06-20 21:32:12.514436	2024-06-20 21:32:12.514436
ducbq	ducbq	2024-06-14 00:11:25.085305	2024-06-14 00:11:25.085305
ducna	ducna	2024-06-20 21:32:12.514436	2024-06-20 21:32:12.514436
phuongpd	phuongpd	2024-06-04 21:53:37.602236	2024-06-04 21:53:37.602236
sonnt	Nguyen Trung Son	2024-06-20 22:43:41.727599	2024-06-20 22:43:41.727599
tungtk	tungtk	2024-06-20 21:32:12.514436	2024-06-20 21:32:12.514436
vyvt	vyvt	2024-06-20 21:32:12.514436	2024-06-20 21:32:12.514436
giangdh	giangdh	2024-07-08 18:33:01.449356	2024-07-08 18:33:01.449356
hanhdh	hanhdh	2024-07-08 18:33:01.449356	2024-07-08 18:33:01.449356
quyetdt	quyetdt	2024-07-08 18:33:01.449356	2024-07-08 18:33:01.449356
tuanna	tuanna	2024-07-08 18:33:01.449356	2024-07-08 18:33:01.449356
\.


--
-- Name: error_logs_error_id_seq; Type: SEQUENCE SET; Schema: public; Owner: phuongpd
--

SELECT pg_catalog.setval('public.error_logs_error_id_seq', 1, true);


--
-- Name: feedback_feedback_id_seq; Type: SEQUENCE SET; Schema: public; Owner: phuongpd
--

SELECT pg_catalog.setval('public.feedback_feedback_id_seq', 50, true);


--
-- Name: conversation_logs conversation_logs_pkey; Type: CONSTRAINT; Schema: public; Owner: phuongpd
--

ALTER TABLE ONLY public.conversation_logs
    ADD CONSTRAINT conversation_logs_pkey PRIMARY KEY (message_id);


--
-- Name: conversations conversations_pkey; Type: CONSTRAINT; Schema: public; Owner: phuongpd
--

ALTER TABLE ONLY public.conversations
    ADD CONSTRAINT conversations_pkey PRIMARY KEY (conversation_id);


--
-- Name: error_logs error_logs_pkey; Type: CONSTRAINT; Schema: public; Owner: phuongpd
--

ALTER TABLE ONLY public.error_logs
    ADD CONSTRAINT error_logs_pkey PRIMARY KEY (error_id);


--
-- Name: feedback feedback_pkey; Type: CONSTRAINT; Schema: public; Owner: phuongpd
--

ALTER TABLE ONLY public.feedback
    ADD CONSTRAINT feedback_pkey PRIMARY KEY (feedback_id);


--
-- Name: sessions sessions_pkey; Type: CONSTRAINT; Schema: public; Owner: phuongpd
--

ALTER TABLE ONLY public.sessions
    ADD CONSTRAINT sessions_pkey PRIMARY KEY (session_id);


--
-- Name: transcripts transcripts_pkey; Type: CONSTRAINT; Schema: public; Owner: phuongpd
--

ALTER TABLE ONLY public.transcripts
    ADD CONSTRAINT transcripts_pkey PRIMARY KEY (conversation_id);


--
-- Name: transcripts unique_session_id; Type: CONSTRAINT; Schema: public; Owner: phuongpd
--

ALTER TABLE ONLY public.transcripts
    ADD CONSTRAINT unique_session_id UNIQUE (session_id);


--
-- Name: upload_files upload_files_pkey; Type: CONSTRAINT; Schema: public; Owner: phuongpd
--

ALTER TABLE ONLY public.upload_files
    ADD CONSTRAINT upload_files_pkey PRIMARY KEY (file_id);


--
-- Name: users users_pkey; Type: CONSTRAINT; Schema: public; Owner: phuongpd
--

ALTER TABLE ONLY public.users
    ADD CONSTRAINT users_pkey PRIMARY KEY (user_id);


--
-- Name: conversation_logs after_insert_conversation_logs; Type: TRIGGER; Schema: public; Owner: phuongpd
--

CREATE TRIGGER after_insert_conversation_logs AFTER INSERT ON public.conversation_logs FOR EACH ROW EXECUTE FUNCTION public.update_transcripts();


--
-- Name: conversation_logs trg_set_gmt7_conversation_logs; Type: TRIGGER; Schema: public; Owner: phuongpd
--

CREATE TRIGGER trg_set_gmt7_conversation_logs BEFORE INSERT OR UPDATE ON public.conversation_logs FOR EACH ROW EXECUTE FUNCTION public.set_gmt7_timestamps();


--
-- Name: conversations trg_set_gmt7_conversations; Type: TRIGGER; Schema: public; Owner: phuongpd
--

CREATE TRIGGER trg_set_gmt7_conversations BEFORE INSERT OR UPDATE ON public.conversations FOR EACH ROW EXECUTE FUNCTION public.set_gmt7_timestamps();


--
-- Name: error_logs trg_set_gmt7_error_logs; Type: TRIGGER; Schema: public; Owner: phuongpd
--

CREATE TRIGGER trg_set_gmt7_error_logs BEFORE INSERT OR UPDATE ON public.error_logs FOR EACH ROW EXECUTE FUNCTION public.set_gmt7_timestamps();


--
-- Name: feedback trg_set_gmt7_feedback; Type: TRIGGER; Schema: public; Owner: phuongpd
--

CREATE TRIGGER trg_set_gmt7_feedback BEFORE INSERT OR UPDATE ON public.feedback FOR EACH ROW EXECUTE FUNCTION public.set_gmt7_timestamps();


--
-- Name: sessions trg_set_gmt7_sessions; Type: TRIGGER; Schema: public; Owner: phuongpd
--

CREATE TRIGGER trg_set_gmt7_sessions BEFORE INSERT OR UPDATE ON public.sessions FOR EACH ROW EXECUTE FUNCTION public.set_gmt7_timestamps();


--
-- Name: transcripts trg_set_gmt7_transcripts; Type: TRIGGER; Schema: public; Owner: phuongpd
--

CREATE TRIGGER trg_set_gmt7_transcripts BEFORE INSERT OR UPDATE ON public.transcripts FOR EACH ROW EXECUTE FUNCTION public.set_gmt7_timestamps();


--
-- Name: users trg_set_gmt7_users; Type: TRIGGER; Schema: public; Owner: phuongpd
--

CREATE TRIGGER trg_set_gmt7_users BEFORE INSERT OR UPDATE ON public.users FOR EACH ROW EXECUTE FUNCTION public.set_gmt7_timestamps();


--
-- Name: conversation_logs conversation_logs_session_id_fkey; Type: FK CONSTRAINT; Schema: public; Owner: phuongpd
--

ALTER TABLE ONLY public.conversation_logs
    ADD CONSTRAINT conversation_logs_session_id_fkey FOREIGN KEY (session_id) REFERENCES public.sessions(session_id);


--
-- Name: conversation_logs conversation_logs_user_id_fkey; Type: FK CONSTRAINT; Schema: public; Owner: phuongpd
--

ALTER TABLE ONLY public.conversation_logs
    ADD CONSTRAINT conversation_logs_user_id_fkey FOREIGN KEY (user_id) REFERENCES public.users(user_id);


--
-- Name: feedback feedback_message_id_fkey; Type: FK CONSTRAINT; Schema: public; Owner: phuongpd
--

ALTER TABLE ONLY public.feedback
    ADD CONSTRAINT feedback_message_id_fkey FOREIGN KEY (message_id) REFERENCES public.conversation_logs(message_id);


--
-- Name: feedback feedback_session_id_fkey; Type: FK CONSTRAINT; Schema: public; Owner: phuongpd
--

ALTER TABLE ONLY public.feedback
    ADD CONSTRAINT feedback_session_id_fkey FOREIGN KEY (session_id) REFERENCES public.sessions(session_id);


--
-- Name: feedback feedback_user_id_fkey; Type: FK CONSTRAINT; Schema: public; Owner: phuongpd
--

ALTER TABLE ONLY public.feedback
    ADD CONSTRAINT feedback_user_id_fkey FOREIGN KEY (user_id) REFERENCES public.users(user_id);


--
-- Name: conversation_logs fk_conversation_logs; Type: FK CONSTRAINT; Schema: public; Owner: phuongpd
--

ALTER TABLE ONLY public.conversation_logs
    ADD CONSTRAINT fk_conversation_logs FOREIGN KEY (conversation_id) REFERENCES public.conversations(conversation_id);


--
-- Name: transcripts fk_transcripts_conversations; Type: FK CONSTRAINT; Schema: public; Owner: phuongpd
--

ALTER TABLE ONLY public.transcripts
    ADD CONSTRAINT fk_transcripts_conversations FOREIGN KEY (conversation_id) REFERENCES public.conversations(conversation_id);


--
-- Name: error_logs fkey_conversations; Type: FK CONSTRAINT; Schema: public; Owner: phuongpd
--

ALTER TABLE ONLY public.error_logs
    ADD CONSTRAINT fkey_conversations FOREIGN KEY (conversation_id) REFERENCES public.conversations(conversation_id) NOT VALID;


--
-- Name: error_logs fkey_sessions; Type: FK CONSTRAINT; Schema: public; Owner: phuongpd
--

ALTER TABLE ONLY public.error_logs
    ADD CONSTRAINT fkey_sessions FOREIGN KEY (session_id) REFERENCES public.sessions(session_id) NOT VALID;


--
-- Name: error_logs fkey_users; Type: FK CONSTRAINT; Schema: public; Owner: phuongpd
--

ALTER TABLE ONLY public.error_logs
    ADD CONSTRAINT fkey_users FOREIGN KEY (user_id) REFERENCES public.users(user_id) NOT VALID;


--
-- Name: sessions sessions_user_id_fkey; Type: FK CONSTRAINT; Schema: public; Owner: phuongpd
--

ALTER TABLE ONLY public.sessions
    ADD CONSTRAINT sessions_user_id_fkey FOREIGN KEY (user_id) REFERENCES public.users(user_id);


--
-- Name: upload_files upload_files_conversation_id_fkey; Type: FK CONSTRAINT; Schema: public; Owner: phuongpd
--

ALTER TABLE ONLY public.upload_files
    ADD CONSTRAINT upload_files_conversation_id_fkey FOREIGN KEY (conversation_id) REFERENCES public.conversations(conversation_id);


--
-- Name: upload_files upload_files_session_id_fkey; Type: FK CONSTRAINT; Schema: public; Owner: phuongpd
--

ALTER TABLE ONLY public.upload_files
    ADD CONSTRAINT upload_files_session_id_fkey FOREIGN KEY (session_id) REFERENCES public.sessions(session_id);


--
-- Name: upload_files upload_files_user_id_fkey; Type: FK CONSTRAINT; Schema: public; Owner: phuongpd
--

ALTER TABLE ONLY public.upload_files
    ADD CONSTRAINT upload_files_user_id_fkey FOREIGN KEY (user_id) REFERENCES public.users(user_id);


--
-- PostgreSQL database dump complete
--

