a0e07624-7fb1-463d-86ff-fa6ea16d27be,12345678955,phuongpd,2024-07-08 11:55:28.774605,2024-07-08 11:55:28.774605,app-CNFjTcU191SEKvpdyvVwgKeO
615944e0-b6ca-4be6-9bb7-93475eefd8d2,12345678956,vyvt,2024-07-08 12:35:30.832776,2024-07-08 12:35:30.832776,app-hmlXEGA8Ht4GG829rQOvwJqT
de8f9592-9fa7-48c0-95e6-7fd8c18774c1,12324,ducbq,2024-07-08 13:51:41.706905,2024-07-08 13:51:41.706905,app-CNFjTcU191SEKvpdyvVwgKeO
f228d93e-a9b5-42cb-b7b1-1ee272c3daa3,bnasjkdanshbkdas,ducna,2024-07-08 14:06:57.483517,2024-07-08 14:06:57.483517,app-hmlXEGA8Ht4GG829rQOvwJqT
768918f1-9be5-4a82-8c8a-08fc794c3f3d,adasdsadasd,hanhdh,2024-07-08 14:11:49.575614,2024-07-08 14:11:49.575614,app-hmlXEGA8Ht4GG829rQOvwJqT
63b92904-679d-4779-b343-31b5d140a886,"",sonnt,2024-07-08 14:37:20.676008,2024-07-08 14:37:20.676008,app-hmlXEGA8Ht4GG829rQOvwJqT
638e2519-6843-483f-8dad-4516e2cb63e7,nnnfnfnfnnfnd,sonnt,2024-07-08 14:38:25.045007,2024-07-08 14:38:25.045007,app-hmlXEGA8Ht4GG829rQOvwJqT
200af120-065f-4483-b728-0dfdd8a4b376,kckcjnkcnk,phuongpd,2024-07-08 14:39:10.082554,2024-07-08 14:39:10.082554,app-CNFjTcU191SEKvpdyvVwgKeO
97129816-90e9-4550-a92c-dbb77a42f3f7,ppeheeyyy,quyetdt,2024-07-08 14:45:06.209631,2024-07-08 14:45:06.209631,app-CNFjTcU191SEKvpdyvVwgKeO
2eded59f-d88e-4de2-b0a1-99c93833656f,jnbjbjbjkbkjb,tungtk,2024-07-08 14:46:02.355169,2024-07-08 14:46:02.355169,app-CNFjTcU191SEKvpdyvVwgKeO
5cc61b72-47a1-479d-a3b2-dafeaaa2936d,dekfjmlwemf,giangdh,2024-07-08 14:46:02.302405,2024-07-08 14:46:02.302405,app-CNFjTcU191SEKvpdyvVwgKeO
9f6ba7d3-6fcf-4758-a372-5bdda7723c33,bnkjasbnkdjasna,ducbq,2024-07-08 14:58:00.142729,2024-07-08 14:58:00.142729,app-CNFjTcU191SEKvpdyvVwgKeO
285c6767-03d7-4eea-ba7f-832e764a2f23,123456789012,phuongpd,2024-07-08 16:01:52.713806,2024-07-08 16:01:52.713806,app-CNFjTcU191SEKvpdyvVwgKeO
0b0b47e1-dd6a-48bc-9cab-705130883d22,jdsgfkojsdflgs,anhln,2024-07-08 16:29:31.970331,2024-07-08 16:29:31.970331,app-hmlXEGA8Ht4GG829rQOvwJqT
641a29bd-1b0c-4a84-abfa-29ba18944466,newthread,anhln,2024-07-08 16:39:08.357533,2024-07-08 16:39:08.357533,app-hmlXEGA8Ht4GG829rQOvwJqT
f3a9667f-6a3f-45a6-a4b0-8702d32ab4c2,newthread2,anhln,2024-07-08 16:49:41.299623,2024-07-08 16:49:41.299623,app-hmlXEGA8Ht4GG829rQOvwJqT
cbdce9ba-3ac0-4eb8-ab18-83a9b8088ec4,12345678957,vyvt,2024-07-09 10:23:54.011836,2024-07-09 10:23:54.011836,app-hmlXEGA8Ht4GG829rQOvwJqT
bd8f9edd-f938-4bb1-8fab-934f75a751c0,12345678958,phuongpd,2024-07-10 15:04:52.525977,2024-07-10 15:04:52.525977,app-CNFjTcU191SEKvpdyvVwgKeO
599c0a6e-a0e2-4546-b945-a893638fd065,12345678959,phuongpd,2024-07-10 16:01:32.41315,2024-07-10 16:01:32.41315,app-CNFjTcU191SEKvpdyvVwgKeO
8dec7be0-ccde-4c1c-88ba-8086c2804b2b,12345678960,phuongpd,2024-07-10 16:10:20.78346,2024-07-10 16:10:20.78346,app-CNFjTcU191SEKvpdyvVwgKeO
fea2fa0b-635f-4546-9e5b-5288bb59451b,12345678961,phuongpd,2024-07-10 16:33:52.902253,2024-07-10 16:33:52.902253,app-CNFjTcU191SEKvpdyvVwgKeO
